ID,Titulo,Artista,Idioma,Categoria,Imagen_URL,Enlace_Letra,Cancion_Original
1,Abba Mamma Mia Español,,ES,General,,https://genius.com/search?q=ABBA%20MAMMA%20MIA%20ESPA%C3%91OL,ABBA MAMMA MIA ESPAÑOL
2,Abraham Mateo Ft Channel Clavaito,,ES,General,,https://genius.com/search?q=ABRAHAM%20MATEO%20FT%20CHANNEL%20CLAVAITO,ABRAHAM MATEO FT CHANNEL CLAVAITO
3,Abraham Mateo Maniaca,,ES,General,,https://genius.com/search?q=ABRAHAM%20MATEO%20MANIACA,ABRAHAM MATEO MANIACA
4,Las Babys,Aitana,ES,General,,https://genius.com/search?q=AITANA%20LAS%20BABYS,AITANA LAS BABYS
5,Popcorn,Aitana,ES,General,,https://genius.com/search?q=AITANA%20POPCORN,AITANA POPCORN
6,& Cali Y El Dandee Menos Mas,Aitana,ES,General,,https://genius.com/search?q=AITANA%20%26%20CALI%20Y%20EL%20DANDEE%20MENOS%20MAS,AITANA & CALI Y EL DANDEE MENOS MAS
7,& Nicky Nicole Formentera,Aitana,ES,General,,https://genius.com/search?q=AITANA%20%26%20NICKY%20NICOLE%20FORMENTERA,AITANA & NICKY NICOLE FORMENTERA
8,Lo Bueno,Aitana,ES,General,,https://genius.com/search?q=AITANA%20LO%20BUENO,AITANA LO BUENO
9,Mandame Un Audio,Aitana,ES,General,,https://genius.com/search?q=AITANA%20MANDAME%20UN%20AUDIO,AITANA MANDAME UN AUDIO
10,Me Quedo,Aitana,ES,General,,https://genius.com/search?q=AITANA%20ME%20QUEDO,AITANA ME QUEDO
11,Telefono,Aitana,ES,General,,https://genius.com/search?q=AITANA%20TELEFONO,AITANA TELEFONO
12,Vas A Quedarte,Aitana,ES,General,,https://genius.com/search?q=AITANA%20VAS%20A%20QUEDARTE,AITANA VAS A QUEDARTE
13,Y Ana Guerra Lo Malo,Aitana,ES,General,,https://genius.com/search?q=AITANA%20Y%20ANA%20GUERRA%20LO%20MALO,AITANA Y ANA GUERRA LO MALO
14,A Quien Le Importa,Alaska,ES,General,,https://genius.com/search?q=ALASKA%20A%20QUIEN%20LE%20IMPORTA,ALASKA A QUIEN LE IMPORTA
15,Bailando,Alaska,ES,General,,https://genius.com/search?q=ALASKA%20BAILANDO,ALASKA BAILANDO
16,Como Pudiste Hacerme Esto A Mi,Alaska,ES,General,,https://genius.com/search?q=ALASKA%20COMO%20PUDISTE%20HACERME%20ESTO%20A%20MI,ALASKA COMO PUDISTE HACERME ESTO A MI
17,Ni Tu Ni Nadie,Alaska,ES,General,,https://genius.com/search?q=ALASKA%20NI%20TU%20NI%20NADIE,ALASKA NI TU NI NADIE
18,Amiga Mia,Alejandro Sanz,ES,General,,https://genius.com/search?q=ALEJANDRO%20SANZ%20AMIGA%20MIA,ALEJANDRO SANZ AMIGA MIA
19,Corazón Partío,Alejandro Sanz,ES,General,,https://genius.com/search?q=ALEJANDRO%20SANZ%20CORAZ%C3%93N%20PART%C3%8DO,ALEJANDRO SANZ CORAZÓN PARTÍO
20,Los Dos Cogidos De La Mano,Alejandro Sanz,ES,General,,https://genius.com/search?q=ALEJANDRO%20SANZ%20LOS%20DOS%20COGIDOS%20DE%20LA%20MANO,ALEJANDRO SANZ LOS DOS COGIDOS DE LA MANO
21,Pisando Fuerte,Alejandro Sanz,ES,General,,https://genius.com/search?q=ALEJANDRO%20SANZ%20PISANDO%20FUERTE,ALEJANDRO SANZ PISANDO FUERTE
22,Si Tú Me Miras,Alejandro Sanz,ES,General,,https://genius.com/search?q=ALEJANDRO%20SANZ%20SI%20T%C3%9A%20ME%20MIRAS,ALEJANDRO SANZ SI TÚ ME MIRAS
23,Viviendo Deprisa,Alejandro Sanz,ES,General,,https://genius.com/search?q=ALEJANDRO%20SANZ%20VIVIENDO%20DEPRISA,ALEJANDRO SANZ VIVIENDO DEPRISA
24,Y Si Fuera Ella,Alejandro Sanz,ES,General,,https://genius.com/search?q=ALEJANDRO%20SANZ%20Y%20SI%20FUERA%20ELLA,ALEJANDRO SANZ Y SI FUERA ELLA
25,A Gritos De Esperanza,Alex Ubago,ES,General,,https://genius.com/search?q=ALEX%20UBAGO%20A%20GRITOS%20DE%20ESPERANZA,ALEX UBAGO A GRITOS DE ESPERANZA
26,Aunque No Te Pueda Ver,Alex Ubago,ES,General,,https://genius.com/search?q=ALEX%20UBAGO%20AUNQUE%20NO%20TE%20PUEDA%20VER,ALEX UBAGO AUNQUE NO TE PUEDA VER
27,Que Pides Tu,Alex Ubago,ES,General,,https://genius.com/search?q=ALEX%20UBAGO%20QUE%20PIDES%20TU,ALEX UBAGO QUE PIDES TU
28,Sabes,Alex Ubago,ES,General,,https://genius.com/search?q=ALEX%20UBAGO%20SABES,ALEX UBAGO SABES
29,Sin Miedo A Nada,Alex Ubago,ES,General,,https://genius.com/search?q=ALEX%20UBAGO%20SIN%20MIEDO%20A%20NADA,ALEX UBAGO SIN MIEDO A NADA
30,Y Cristina Chas Y Aparezco A Tu Lado,Alex,ES,General,,https://genius.com/search?q=ALEX%20Y%20CRISTINA%20CHAS%20Y%20APAREZCO%20A%20TU%20LADO,ALEX Y CRISTINA CHAS Y APAREZCO A TU LADO
31,Alexis & Fido La Ex,,ES,General,,https://genius.com/search?q=ALEXIS%20%26%20FIDO%20LA%20EX,ALEXIS & FIDO LA EX
32,Juramento Eterno De Sal,Alvaro De Luna,ES,General,,https://genius.com/search?q=ALVARO%20DE%20LUNA%20JURAMENTO%20ETERNO%20DE%20SAL,ALVARO DE LUNA JURAMENTO ETERNO DE SAL
33,Levantaremos Al Sol,Alvaro De Luna,ES,General,,https://genius.com/search?q=ALVARO%20DE%20LUNA%20LEVANTAREMOS%20AL%20SOL,ALVARO DE LUNA LEVANTAREMOS AL SOL
34,Nuestra Cancion,Alvaro De Luna,ES,General,,https://genius.com/search?q=ALVARO%20DE%20LUNA%20NUESTRA%20CANCION,ALVARO DE LUNA NUESTRA CANCION
35,El Mismo Sol,Alvaro Soler,ES,General,,https://genius.com/search?q=ALVARO%20SOLER%20EL%20MISMO%20SOL,ALVARO SOLER EL MISMO SOL
36,La Cintura,Alvaro Soler,ES,General,,https://genius.com/search?q=ALVARO%20SOLER%20LA%20CINTURA,ALVARO SOLER LA CINTURA
37,Sofia,Alvaro Soler,ES,General,,https://genius.com/search?q=ALVARO%20SOLER%20SOFIA,ALVARO SOLER SOFIA
38,Y Morat Yo Contigo Tu Conmigo,Alvaro Soler,ES,General,,https://genius.com/search?q=ALVARO%20SOLER%20Y%20MORAT%20YO%20CONTIGO%20TU%20CONMIGO,ALVARO SOLER Y MORAT YO CONTIGO TU CONMIGO
39,Amador Rivas Mandanga Style,,ES,General,,https://genius.com/search?q=AMADOR%20RIVAS%20MANDANGA%20STYLE,AMADOR RIVAS MANDANGA STYLE
40,20 De Enero,Amaia Montero,ES,General,,https://genius.com/search?q=AMAIA%20MONTERO%2020%20DE%20ENERO,AMAIA MONTERO 20 DE ENERO
41,Puede Ser,Amaia Montero,ES,General,,https://genius.com/search?q=AMAIA%20MONTERO%20PUEDE%20SER,AMAIA MONTERO PUEDE SER
42,Puedes Contar Conmigo,Amaia Montero,ES,General,,https://genius.com/search?q=AMAIA%20MONTERO%20PUEDES%20CONTAR%20CONMIGO,AMAIA MONTERO PUEDES CONTAR CONMIGO
43,Como Hablar,Amaral,ES,General,,https://genius.com/search?q=AMARAL%20COMO%20HABLAR,AMARAL COMO HABLAR
44,Dias De Verano,Amaral,ES,General,,https://genius.com/search?q=AMARAL%20DIAS%20DE%20VERANO,AMARAL DIAS DE VERANO
45,Marta Sebas Guille Y Los Demas,Amaral,ES,General,,https://genius.com/search?q=AMARAL%20MARTA%20SEBAS%20GUILLE%20Y%20LOS%20DEMAS,AMARAL MARTA SEBAS GUILLE Y LOS DEMAS
46,Moriria Por Vos,Amaral,ES,General,,https://genius.com/search?q=AMARAL%20MORIRIA%20POR%20VOS,AMARAL MORIRIA POR VOS
47,Sin Ti No Soy Nada,Amaral,ES,General,,https://genius.com/search?q=AMARAL%20SIN%20TI%20NO%20SOY%20NADA,AMARAL SIN TI NO SOY NADA
48,Toda La Noche En La Calle,Amaral,ES,General,,https://genius.com/search?q=AMARAL%20TODA%20LA%20NOCHE%20EN%20LA%20CALLE,AMARAL TODA LA NOCHE EN LA CALLE
49,Amaya Vete,,ES,General,,https://genius.com/search?q=AMAYA%20VETE,AMAYA VETE
50,Amigos De Gines El Adios,,ES,General,,https://genius.com/search?q=AMIGOS%20DE%20GINES%20EL%20ADIOS,AMIGOS DE GINES EL ADIOS
51,Africanos En Madrid,Amistades Peligrosas,ES,General,,https://genius.com/search?q=AMISTADES%20PELIGROSAS%20AFRICANOS%20EN%20MADRID,AMISTADES PELIGROSAS AFRICANOS EN MADRID
52,Estoy Por Ti,Amistades Peligrosas,ES,General,,https://genius.com/search?q=AMISTADES%20PELIGROSAS%20ESTOY%20POR%20TI,AMISTADES PELIGROSAS ESTOY POR TI
53,Me Haces Tanto Bien,Amistades Peligrosas,ES,General,,https://genius.com/search?q=AMISTADES%20PELIGROSAS%20ME%20HACES%20TANTO%20BIEN,AMISTADES PELIGROSAS ME HACES TANTO BIEN
54,Agapi Mu,Ana Belen,ES,General,,https://genius.com/search?q=ANA%20BELEN%20AGAPI%20MU,ANA BELEN AGAPI MU
55,Contamíname,Ana Belen,ES,General,,https://genius.com/search?q=ANA%20BELEN%20CONTAM%C3%8DNAME,ANA BELEN CONTAMÍNAME
56,El Hombre Del Piano,Ana Belen,ES,General,,https://genius.com/search?q=ANA%20BELEN%20EL%20HOMBRE%20DEL%20PIANO,ANA BELEN EL HOMBRE DEL PIANO
57,La Muralla,Ana Belen,ES,General,,https://genius.com/search?q=ANA%20BELEN%20LA%20MURALLA,ANA BELEN LA MURALLA
58,Lia,Ana Belen,ES,General,,https://genius.com/search?q=ANA%20BELEN%20LIA,ANA BELEN LIA
59,Solo Le Pido A Dios,Ana Belen,ES,General,,https://genius.com/search?q=ANA%20BELEN%20SOLO%20LE%20PIDO%20A%20DIOS,ANA BELEN SOLO LE PIDO A DIOS
60,Y Victor Manuel La Puerta De Alcalá,Ana Belen,ES,General,,https://genius.com/search?q=ANA%20BELEN%20Y%20VICTOR%20MANUEL%20LA%20PUERTA%20DE%20ALCAL%C3%81,ANA BELEN Y VICTOR MANUEL LA PUERTA DE ALCALÁ
61,Guerra Y Juan Magan Ni La Hora,Ana,ES,General,,https://genius.com/search?q=ANA%20GUERRA%20Y%20JUAN%20MAGAN%20NI%20LA%20HORA,ANA GUERRA Y JUAN MAGAN NI LA HORA
62,& Belinda Las 12,Ana Mena,ES,General,,https://genius.com/search?q=ANA%20MENA%20%26%20BELINDA%20LAS%2012,ANA MENA & BELINDA LAS 12
63,Fred De Palma Se Iluminaba,Ana Mena,ES,General,,https://genius.com/search?q=ANA%20MENA%20FRED%20DE%20PALMA%20SE%20ILUMINABA,ANA MENA FRED DE PALMA SE ILUMINABA
64,Madrid City,Ana Mena,ES,General,,https://genius.com/search?q=ANA%20MENA%20MADRID%20CITY,ANA MENA MADRID CITY
65,Musica Ligera,Ana Mena,ES,General,,https://genius.com/search?q=ANA%20MENA%20MUSICA%20LIGERA,ANA MENA MUSICA LIGERA
66,Un Clasico,Ana Mena,ES,General,,https://genius.com/search?q=ANA%20MENA%20UN%20CLASICO,ANA MENA UN CLASICO
67,Andrea Bocelli Vivo Por Ella,,ES,General,,https://genius.com/search?q=ANDREA%20BOCELLI%20VIVO%20POR%20ELLA,ANDREA BOCELLI VIVO POR ELLA
68,Andres Calamaro Flaca,,ES,General,,https://genius.com/search?q=ANDRES%20CALAMARO%20FLACA,ANDRES CALAMARO FLACA
69,Andres Cepeda Sebastian Yatra Magia,,ES,General,,https://genius.com/search?q=ANDRES%20CEPEDA%20SEBASTIAN%20YATRA%20MAGIA,ANDRES CEPEDA SEBASTIAN YATRA MAGIA
70,Quiero Ser Tu Sueño,Andy Y Lucas,ES,General,,https://genius.com/search?q=ANDY%20Y%20LUCAS%20QUIERO%20SER%20TU%20SUE%C3%91O,ANDY Y LUCAS QUIERO SER TU SUEÑO
71,Son De Amores,Andy Y Lucas,ES,General,,https://genius.com/search?q=ANDY%20Y%20LUCAS%20SON%20DE%20AMORES,ANDY Y LUCAS SON DE AMORES
72,Tanto La Quería,Andy Y Lucas,ES,General,,https://genius.com/search?q=ANDY%20Y%20LUCAS%20TANTO%20LA%20QUER%C3%8DA,ANDY Y LUCAS TANTO LA QUERÍA
73,Y En Tu Ventana,Andy Y Lucas,ES,General,,https://genius.com/search?q=ANDY%20Y%20LUCAS%20Y%20EN%20TU%20VENTANA,ANDY Y LUCAS Y EN TU VENTANA
74,Angela Carrasco Si Tu Eres Mi Hombre,,ES,General,,https://genius.com/search?q=ANGELA%20CARRASCO%20SI%20TU%20ERES%20MI%20HOMBRE,ANGELA CARRASCO SI TU ERES MI HOMBRE
75,Angeles Del Infierno Al Otro Lado Del Sielncio,,ES,General,,https://genius.com/search?q=ANGELES%20DEL%20INFIERNO%20AL%20OTRO%20LADO%20DEL%20SIELNCIO,ANGELES DEL INFIERNO AL OTRO LADO DEL SIELNCIO
76,Angeles Del Infierno Maldito Sea Tu Nombre,,ES,General,,https://genius.com/search?q=ANGELES%20DEL%20INFIERNO%20MALDITO%20SEA%20TU%20NOMBRE,ANGELES DEL INFIERNO MALDITO SEA TU NOMBRE
77,Aguilar Juan Charrasqueado,Antonio,ES,General,,https://genius.com/search?q=ANTONIO%20AGUILAR%20JUAN%20CHARRASQUEADO,ANTONIO AGUILAR JUAN CHARRASQUEADO
78,Banderas El Mariachi,Antonio,ES,General,,https://genius.com/search?q=ANTONIO%20BANDERAS%20EL%20MARIACHI,ANTONIO BANDERAS EL MARIACHI
79,Abril,Antonio Flores,ES,General,,https://genius.com/search?q=ANTONIO%20FLORES%20ABRIL,ANTONIO FLORES ABRIL
80,Alba,Antonio Flores,ES,General,,https://genius.com/search?q=ANTONIO%20FLORES%20ALBA,ANTONIO FLORES ALBA
81,Arriba Los Corazones,Antonio Flores,ES,General,,https://genius.com/search?q=ANTONIO%20FLORES%20ARRIBA%20LOS%20CORAZONES,ANTONIO FLORES ARRIBA LOS CORAZONES
82,Cuerpo De Mujer,Antonio Flores,ES,General,,https://genius.com/search?q=ANTONIO%20FLORES%20CUERPO%20DE%20MUJER,ANTONIO FLORES CUERPO DE MUJER
83,El Coraje De Vivir,Antonio Flores,ES,General,,https://genius.com/search?q=ANTONIO%20FLORES%20EL%20CORAJE%20DE%20VIVIR,ANTONIO FLORES EL CORAJE DE VIVIR
84,No Dudaría,Antonio Flores,ES,General,,https://genius.com/search?q=ANTONIO%20FLORES%20NO%20DUDAR%C3%8DA,ANTONIO FLORES NO DUDARÍA
85,No Puedo Enamorarme De Ti,Antonio Flores,ES,General,,https://genius.com/search?q=ANTONIO%20FLORES%20NO%20PUEDO%20ENAMORARME%20DE%20TI,ANTONIO FLORES NO PUEDO ENAMORARME DE TI
86,Siete Vidas,Antonio Flores,ES,General,,https://genius.com/search?q=ANTONIO%20FLORES%20SIETE%20VIDAS,ANTONIO FLORES SIETE VIDAS
87,Contigo,Antonio Jose,ES,General,,https://genius.com/search?q=ANTONIO%20JOSE%20CONTIGO,ANTONIO JOSE CONTIGO
88,El Perdon,Antonio Jose,ES,General,,https://genius.com/search?q=ANTONIO%20JOSE%20EL%20PERDON,ANTONIO JOSE EL PERDON
89,La Noche Perfecta,Antonio Jose,ES,General,,https://genius.com/search?q=ANTONIO%20JOSE%20LA%20NOCHE%20PERFECTA,ANTONIO JOSE LA NOCHE PERFECTA
90,Odiame,Antonio Jose,ES,General,,https://genius.com/search?q=ANTONIO%20JOSE%20ODIAME,ANTONIO JOSE ODIAME
91,José Te Traigo Flores,Antonio,ES,General,,https://genius.com/search?q=ANTONIO%20JOS%C3%89%20TE%20TRAIGO%20FLORES,ANTONIO JOSÉ TE TRAIGO FLORES
92,Adios Mi España Querida,Antonio Molina,ES,General,,https://genius.com/search?q=ANTONIO%20MOLINA%20ADIOS%20MI%20ESPA%C3%91A%20QUERIDA,ANTONIO MOLINA ADIOS MI ESPAÑA QUERIDA
93,"Cocinero, Cocinero",Antonio Molina,ES,General,,https://genius.com/search?q=ANTONIO%20MOLINA%20COCINERO%2C%20COCINERO,"ANTONIO MOLINA COCINERO, COCINERO"
94,El Agua Del Avellano,Antonio Molina,ES,General,,https://genius.com/search?q=ANTONIO%20MOLINA%20EL%20AGUA%20DEL%20AVELLANO,ANTONIO MOLINA EL AGUA DEL AVELLANO
95,Soy Minero,Antonio Molina,ES,General,,https://genius.com/search?q=ANTONIO%20MOLINA%20SOY%20MINERO,ANTONIO MOLINA SOY MINERO
96,Soy Un Pobre Presidiario,Antonio Molina,ES,General,,https://genius.com/search?q=ANTONIO%20MOLINA%20SOY%20UN%20POBRE%20PRESIDIARIO,ANTONIO MOLINA SOY UN POBRE PRESIDIARIO
97,Yo Quiero Ser Matador,Antonio Molina,ES,General,,https://genius.com/search?q=ANTONIO%20MOLINA%20YO%20QUIERO%20SER%20MATADOR,ANTONIO MOLINA YO QUIERO SER MATADOR
98,De Pedacitos De Ti,Antonio Orozco,ES,General,,https://genius.com/search?q=ANTONIO%20OROZCO%20DE%20PEDACITOS%20DE%20TI,ANTONIO OROZCO DE PEDACITOS DE TI
99,Devuelveme La Vida Mpg,Antonio Orozco,ES,General,,https://genius.com/search?q=ANTONIO%20OROZCO%20DEVUELVEME%20LA%20VIDA%20MPG,ANTONIO OROZCO DEVUELVEME LA VIDA MPG
100,Entre Sobras Y Sobras Y Sobras Me Faltas,Antonio Orozco,ES,General,,https://genius.com/search?q=ANTONIO%20OROZCO%20ENTRE%20SOBRAS%20Y%20SOBRAS%20Y%20SOBRAS%20ME%20FALTAS,ANTONIO OROZCO ENTRE SOBRAS Y SOBRAS Y SOBRAS ME FALTAS
101,Es Mi Soledad,Antonio Orozco,ES,General,,https://genius.com/search?q=ANTONIO%20OROZCO%20ES%20MI%20SOLEDAD,ANTONIO OROZCO ES MI SOLEDAD
102,Lo Que Tu Quieras Soy,Antonio Orozco,ES,General,,https://genius.com/search?q=ANTONIO%20OROZCO%20LO%20QUE%20TU%20QUIERAS%20SOY,ANTONIO OROZCO LO QUE TU QUIERAS SOY
103,Mi Heroe,Antonio Orozco,ES,General,,https://genius.com/search?q=ANTONIO%20OROZCO%20MI%20HEROE,ANTONIO OROZCO MI HEROE
104,Y Alejandro Fernandez Estoy Hecho De Pedacitos De Ti,Antonio Orozco,ES,General,,https://genius.com/search?q=ANTONIO%20OROZCO%20Y%20ALEJANDRO%20FERNANDEZ%20ESTOY%20HECHO%20DE%20PEDACITOS%20DE%20TI,ANTONIO OROZCO Y ALEJANDRO FERNANDEZ ESTOY HECHO DE PEDACITOS DE TI
105,Vega El Sitio De Mi Recreo,Antonio,ES,General,,https://genius.com/search?q=ANTONIO%20VEGA%20EL%20SITIO%20DE%20MI%20RECREO,ANTONIO VEGA EL SITIO DE MI RECREO
106,Vega Se Dejaba Llevar,Antonio,ES,General,,https://genius.com/search?q=ANTONIO%20VEGA%20SE%20DEJABA%20LLEVAR,ANTONIO VEGA SE DEJABA LLEVAR
107,Arde Bogota La Salvacion,,ES,General,,https://genius.com/search?q=ARDE%20BOGOTA%20LA%20SALVACION,ARDE BOGOTA LA SALVACION
108,Aventura Obsesion,,ES,General,,https://genius.com/search?q=AVENTURA%20OBSESION,AVENTURA OBSESION
109,Aventura Y Don Omar Ella Y Yo,,ES,General,,https://genius.com/search?q=AVENTURA%20Y%20DON%20OMAR%20ELLA%20Y%20YO,AVENTURA Y DON OMAR ELLA Y YO
110,Azucar Moreno Solo Se Vive Una Vez,,ES,General,,https://genius.com/search?q=AZUCAR%20MORENO%20SOLO%20SE%20VIVE%20UNA%20VEZ,AZUCAR MORENO SOLO SE VIVE UNA VEZ
111,Azucar Moreno Ven Devorame Otra Vez,,ES,General,,https://genius.com/search?q=AZUCAR%20MORENO%20VEN%20DEVORAME%20OTRA%20VEZ,AZUCAR MORENO VEN DEVORAME OTRA VEZ
112,Bacilos Tabaco Y Chanel,,ES,General,,https://genius.com/search?q=BACILOS%20TABACO%20Y%20CHANEL,BACILOS TABACO Y CHANEL
113,Amorfoda,Bad Bunny,ES,General,,https://genius.com/search?q=BAD%20BUNNY%20AMORFODA,BAD BUNNY AMORFODA
114,Enrique Iglesias El Baño,Bad Bunny,ES,General,,https://genius.com/search?q=BAD%20BUNNY%20ENRIQUE%20IGLESIAS%20EL%20BA%C3%91O,BAD BUNNY ENRIQUE IGLESIAS EL BAÑO
115,Titi Me Pregunto,Bad Bunny,ES,General,,https://genius.com/search?q=BAD%20BUNNY%20TITI%20ME%20PREGUNTO,BAD BUNNY TITI ME PREGUNTO
116,Beatriz Luengo Yotuel Como Tu No Hay Dos,,ES,General,,https://genius.com/search?q=BEATRIZ%20LUENGO%20YOTUEL%20COMO%20TU%20NO%20HAY%20DOS,BEATRIZ LUENGO YOTUEL COMO TU NO HAY DOS
117,Becky G Y Natti Natasha Sin Pijama,,ES,General,,https://genius.com/search?q=BECKY%20G%20Y%20NATTI%20NATASHA%20SIN%20PIJAMA,BECKY G Y NATTI NATASHA SIN PIJAMA
118,Becky Y Bad Bunny Mayores,,ES,General,,https://genius.com/search?q=BECKY%20Y%20BAD%20BUNNY%20MAYORES,BECKY Y BAD BUNNY MAYORES
119,Benito Kamelas Y No Cambiamos Ni Un Solo Minuto,,ES,General,,https://genius.com/search?q=BENITO%20KAMELAS%20Y%20NO%20CAMBIAMOS%20NI%20UN%20SOLO%20MINUTO,BENITO KAMELAS Y NO CAMBIAMOS NI UN SOLO MINUTO
120,Lo Siento,Beret,ES,General,,https://genius.com/search?q=BERET%20LO%20SIENTO,BERET LO SIENTO
121,El Dia Menos Pensado,Beret,ES,General,,https://genius.com/search?q=BERET%20EL%20DIA%20MENOS%20PENSADO,BERET EL DIA MENOS PENSADO
122,Lo Siento,Beret,ES,General,,https://genius.com/search?q=BERET%20LO%20SIENTO,BERET LO SIENTO
123,Ojala,Beret,ES,General,,https://genius.com/search?q=BERET%20OJALA,BERET OJALA
124,Si Por Mi Fuera,Beret,ES,General,,https://genius.com/search?q=BERET%20SI%20POR%20MI%20FUERA,BERET SI POR MI FUERA
125,Vuelve,Beret,ES,General,,https://genius.com/search?q=BERET%20VUELVE,BERET VUELVE
126,Estopa Diablo,Beret Y,ES,General,,https://genius.com/search?q=BERET%20Y%20ESTOPA%20DIABLO,BERET Y ESTOPA DIABLO
127,Lerica Ron,Beret Y,ES,General,,https://genius.com/search?q=BERET%20Y%20LERICA%20RON,BERET Y LERICA RON
128,Morat Porfa No Te Vayas,Beret Y,ES,General,,https://genius.com/search?q=BERET%20Y%20MORAT%20PORFA%20NO%20TE%20VAYAS,BERET Y MORAT PORFA NO TE VAYAS
129,Amor Mediterraneo,Bertin Osborne,ES,General,,https://genius.com/search?q=BERTIN%20OSBORNE%20AMOR%20MEDITERRANEO,BERTIN OSBORNE AMOR MEDITERRANEO
130,Echame A Mi La Culpa,Bertin Osborne,ES,General,,https://genius.com/search?q=BERTIN%20OSBORNE%20ECHAME%20A%20MI%20LA%20CULPA,BERTIN OSBORNE ECHAME A MI LA CULPA
131,Noches De San Juan,Bertin Osborne,ES,General,,https://genius.com/search?q=BERTIN%20OSBORNE%20NOCHES%20DE%20SAN%20JUAN,BERTIN OSBORNE NOCHES DE SAN JUAN
132,Beth Dime,,ES,General,,https://genius.com/search?q=BETH%20DIME,BETH DIME
133,Big Yamo Entre La Playa Ella Y Yo,,ES,General,,https://genius.com/search?q=BIG%20YAMO%20ENTRE%20LA%20PLAYA%20ELLA%20Y%20YO,BIG YAMO ENTRE LA PLAYA ELLA Y YO
134,Bombai Vuela,,ES,General,,https://genius.com/search?q=BOMBAI%20VUELA,BOMBAI VUELA
135,Bomgo Botrako Todos Los Dias Sale El Sol,,ES,General,,https://genius.com/search?q=BOMGO%20BOTRAKO%20TODOS%20LOS%20DIAS%20SALE%20EL%20SOL,BOMGO BOTRAKO TODOS LOS DIAS SALE EL SOL
136,Bordon 4 Qué Cara Más Bonita,,ES,General,,https://genius.com/search?q=BORDON%204%20QU%C3%89%20CARA%20M%C3%81S%20BONITA,BORDON 4 QUÉ CARA MÁS BONITA
137,Bravo And Djs Difacil Rap,,ES,General,,https://genius.com/search?q=BRAVO%20AND%20DJS%20DIFACIL%20RAP,BRAVO AND DJS DIFACIL RAP
138,Burning Mueve Tus Caderas,,ES,General,,https://genius.com/search?q=BURNING%20MUEVE%20TUS%20CADERAS,BURNING MUEVE TUS CADERAS
139,Burning Que Hace Una Chica Como Tu En Un Sitio Como Este,,ES,General,,https://genius.com/search?q=BURNING%20QUE%20HACE%20UNA%20CHICA%20COMO%20TU%20EN%20UN%20SITIO%20COMO%20ESTE,BURNING QUE HACE UNA CHICA COMO TU EN UN SITIO COMO ESTE
140,& Omar Montes Una Y Mil Veces,C Tangana,ES,General,,https://genius.com/search?q=C%20TANGANA%20%26%20OMAR%20MONTES%20UNA%20Y%20MIL%20VECES,C TANGANA & OMAR MONTES UNA Y MIL VECES
141,Ingobernable,C Tangana,ES,General,,https://genius.com/search?q=C%20TANGANA%20INGOBERNABLE,C TANGANA INGOBERNABLE
142,Tu Me Dejaste De Querer,C Tangana,ES,General,,https://genius.com/search?q=C%20TANGANA%20TU%20ME%20DEJASTE%20DE%20QUERER,C TANGANA TU ME DEJASTE DE QUERER
143,Y Nathy Peluso Ateo,C Tangana,ES,General,,https://genius.com/search?q=C%20TANGANA%20Y%20NATHY%20PELUSO%20ATEO,C TANGANA Y NATHY PELUSO ATEO
144,Café Quijano La Taberna Del Buda,,ES,General,,https://genius.com/search?q=CAF%C3%89%20QUIJANO%20LA%20TABERNA%20DEL%20BUDA,CAFÉ QUIJANO LA TABERNA DEL BUDA
145,Cali Y Dandee Gol,,ES,General,,https://genius.com/search?q=CALI%20Y%20DANDEE%20GOL,CALI Y DANDEE GOL
146,Cali Y Dandee Yo Te Esperare,,ES,General,,https://genius.com/search?q=CALI%20Y%20DANDEE%20YO%20TE%20ESPERARE,CALI Y DANDEE YO TE ESPERARE
147,Camaron De La Isla Como El Agua,,ES,General,,https://genius.com/search?q=CAMARON%20DE%20LA%20ISLA%20COMO%20EL%20AGUA,CAMARON DE LA ISLA COMO EL AGUA
148,Camaron De La Isla Volando Voy,,ES,General,,https://genius.com/search?q=CAMARON%20DE%20LA%20ISLA%20VOLANDO%20VOY,CAMARON DE LA ISLA VOLANDO VOY
149,Cuando Zarpa El Amor,Camela,ES,General,,https://genius.com/search?q=CAMELA%20CUANDO%20ZARPA%20EL%20AMOR,CAMELA CUANDO ZARPA EL AMOR
150,Háblale De Mi,Camela,ES,General,,https://genius.com/search?q=CAMELA%20H%C3%81BLALE%20DE%20MI,CAMELA HÁBLALE DE MI
151,Lagrimas De Amor,Camela,ES,General,,https://genius.com/search?q=CAMELA%20LAGRIMAS%20DE%20AMOR,CAMELA LAGRIMAS DE AMOR
152,Nunca Debi Enamorarme,Camela,ES,General,,https://genius.com/search?q=CAMELA%20NUNCA%20DEBI%20ENAMORARME,CAMELA NUNCA DEBI ENAMORARME
153,Sueño Contigo,Camela,ES,General,,https://genius.com/search?q=CAMELA%20SUE%C3%91O%20CONTIGO,CAMELA SUEÑO CONTIGO
154,Camila Mientes,,ES,General,,https://genius.com/search?q=CAMILA%20MIENTES,CAMILA MIENTES
155,Millones,Camilo,ES,General,,https://genius.com/search?q=CAMILO%20MILLONES,CAMILO MILLONES
156,& Eva Luna Indigo,Camilo,ES,General,,https://genius.com/search?q=CAMILO%20%26%20EVA%20LUNA%20INDIGO,CAMILO & EVA LUNA INDIGO
157,& Shakira & Pedro Capo Tutu,Camilo,ES,General,,https://genius.com/search?q=CAMILO%20%26%20SHAKIRA%20%26%20PEDRO%20CAPO%20TUTU,CAMILO & SHAKIRA & PEDRO CAPO TUTU
158,El Mismo Aire,Camilo,ES,General,,https://genius.com/search?q=CAMILO%20EL%20MISMO%20AIRE,CAMILO EL MISMO AIRE
159,Favorito,Camilo,ES,General,,https://genius.com/search?q=CAMILO%20FAVORITO,CAMILO FAVORITO
160,Manos De Tijera,Camilo,ES,General,,https://genius.com/search?q=CAMILO%20MANOS%20DE%20TIJERA,CAMILO MANOS DE TIJERA
161,Pegao,Camilo,ES,General,,https://genius.com/search?q=CAMILO%20PEGAO,CAMILO PEGAO
162,Ropa Cara,Camilo,ES,General,,https://genius.com/search?q=CAMILO%20ROPA%20CARA,CAMILO ROPA CARA
163,Algo De Mí,Camilo Sesto,ES,General,,https://genius.com/search?q=CAMILO%20SESTO%20ALGO%20DE%20M%C3%8D,CAMILO SESTO ALGO DE MÍ
164,El Amor De Mi Vida,Camilo Sesto,ES,General,,https://genius.com/search?q=CAMILO%20SESTO%20EL%20AMOR%20DE%20MI%20VIDA,CAMILO SESTO EL AMOR DE MI VIDA
165,Melina,Camilo Sesto,ES,General,,https://genius.com/search?q=CAMILO%20SESTO%20MELINA,CAMILO SESTO MELINA
166,Perdoname,Camilo Sesto,ES,General,,https://genius.com/search?q=CAMILO%20SESTO%20PERDONAME,CAMILO SESTO PERDONAME
167,Vivir Asi Es Morir De Amor,Camilo Sesto,ES,General,,https://genius.com/search?q=CAMILO%20SESTO%20VIVIR%20ASI%20ES%20MORIR%20DE%20AMOR,CAMILO SESTO VIVIR ASI ES MORIR DE AMOR
168,Vida De Rico,Camilo,ES,General,,https://genius.com/search?q=CAMILO%20VIDA%20DE%20RICO,CAMILO VIDA DE RICO
169,A Bailar A Bailar,Cantores De Hispalis,ES,General,,https://genius.com/search?q=CANTORES%20DE%20HISPALIS%20A%20BAILAR%20A%20BAILAR,CANTORES DE HISPALIS A BAILAR A BAILAR
170,Mirala A La Cara,Cantores De Hispalis,ES,General,,https://genius.com/search?q=CANTORES%20DE%20HISPALIS%20MIRALA%20A%20LA%20CARA,CANTORES DE HISPALIS MIRALA A LA CARA
171,Se Te Nota En La Mirada,Cantores De Hispalis,ES,General,,https://genius.com/search?q=CANTORES%20DE%20HISPALIS%20SE%20TE%20NOTA%20EN%20LA%20MIRADA,CANTORES DE HISPALIS SE TE NOTA EN LA MIRADA
172,Carin Leon Omar Montes Ron Con Coca,,ES,General,,https://genius.com/search?q=CARIN%20LEON%20OMAR%20MONTES%20RON%20CON%20COCA,CARIN LEON OMAR MONTES RON CON COCA
173,Baute Mi Medicina,Carlos,ES,General,,https://genius.com/search?q=CARLOS%20BAUTE%20MI%20MEDICINA,CARLOS BAUTE MI MEDICINA
174,Baute Y Marta Sanchez Colgando En Tus Manos (Salsa),Carlos,ES,General,,https://genius.com/search?q=CARLOS%20BAUTE%20Y%20MARTA%20SANCHEZ%20COLGANDO%20EN%20TUS%20MANOS%20%28SALSA%29,CARLOS BAUTE Y MARTA SANCHEZ COLGANDO EN TUS MANOS (SALSA)
175,Santana Corazon Espinado,Carlos,ES,General,,https://genius.com/search?q=CARLOS%20SANTANA%20CORAZON%20ESPINADO,CARLOS SANTANA CORAZON ESPINADO
176,Fruta Fresca,Carlos Vives,ES,General,,https://genius.com/search?q=CARLOS%20VIVES%20FRUTA%20FRESCA,CARLOS VIVES FRUTA FRESCA
177,La Gota Fria,Carlos Vives,ES,General,,https://genius.com/search?q=CARLOS%20VIVES%20LA%20GOTA%20FRIA,CARLOS VIVES LA GOTA FRIA
178,Y Shakira La Bicicleta,Carlos Vives,ES,General,,https://genius.com/search?q=CARLOS%20VIVES%20Y%20SHAKIRA%20LA%20BICICLETA,CARLOS VIVES Y SHAKIRA LA BICICLETA
179,20 De Abril,Celtas Cortos,ES,General,,https://genius.com/search?q=CELTAS%20CORTOS%2020%20DE%20ABRIL,CELTAS CORTOS 20 DE ABRIL
180,Cuentame Un Cuento,Celtas Cortos,ES,General,,https://genius.com/search?q=CELTAS%20CORTOS%20CUENTAME%20UN%20CUENTO,CELTAS CORTOS CUENTAME UN CUENTO
181,Tranquilo Majete,Celtas Cortos,ES,General,,https://genius.com/search?q=CELTAS%20CORTOS%20TRANQUILO%20MAJETE,CELTAS CORTOS TRANQUILO MAJETE
182,Chambao Papeles Mojados,,ES,General,,https://genius.com/search?q=CHAMBAO%20PAPELES%20MOJADOS,CHAMBAO PAPELES MOJADOS
183,Chambao Pokito A Poko,,ES,General,,https://genius.com/search?q=CHAMBAO%20POKITO%20A%20POKO,CHAMBAO POKITO A POKO
184,Chanel Abraham Mateo Clavaito,,ES,General,,https://genius.com/search?q=CHANEL%20ABRAHAM%20MATEO%20CLAVAITO,CHANEL ABRAHAM MATEO CLAVAITO
185,Chanel Slomo,,ES,General,,https://genius.com/search?q=CHANEL%20SLOMO,CHANEL SLOMO
186,Atado A Tu Amor,Chayanne,ES,General,,https://genius.com/search?q=CHAYANNE%20ATADO%20A%20TU%20AMOR,CHAYANNE ATADO A TU AMOR
187,Boom Boom,Chayanne,ES,General,,https://genius.com/search?q=CHAYANNE%20BOOM%20BOOM,CHAYANNE BOOM BOOM
188,Lo Dejaría Todo,Chayanne,ES,General,,https://genius.com/search?q=CHAYANNE%20LO%20DEJAR%C3%8DA%20TODO,CHAYANNE LO DEJARÍA TODO
189,Madre Tierra,Chayanne,ES,General,,https://genius.com/search?q=CHAYANNE%20MADRE%20TIERRA,CHAYANNE MADRE TIERRA
190,Salome,Chayanne,ES,General,,https://genius.com/search?q=CHAYANNE%20SALOME,CHAYANNE SALOME
191,Solo Pienso En Ti,Chayanne,ES,General,,https://genius.com/search?q=CHAYANNE%20SOLO%20PIENSO%20EN%20TI,CHAYANNE SOLO PIENSO EN TI
192,Sube Al Desvan,Chayanne,ES,General,,https://genius.com/search?q=CHAYANNE%20SUBE%20AL%20DESVAN,CHAYANNE SUBE AL DESVAN
193,Torero,Chayanne,ES,General,,https://genius.com/search?q=CHAYANNE%20TORERO,CHAYANNE TORERO
194,Chenoa Cuando Tu Vas,,ES,General,,https://genius.com/search?q=CHENOA%20CUANDO%20TU%20VAS,CHENOA CUANDO TU VAS
195,Chikilicuatre El Baile Del Chikichiki,,ES,General,,https://genius.com/search?q=CHIKILICUATRE%20EL%20BAILE%20DEL%20CHIKICHIKI,CHIKILICUATRE EL BAILE DEL CHIKICHIKI
196,Y Nacho Y Dady Andas En Mi Cabeza,Chino,ES,General,,https://genius.com/search?q=CHINO%20Y%20NACHO%20Y%20DADY%20ANDAS%20EN%20MI%20CABEZA,CHINO Y NACHO Y DADY ANDAS EN MI CABEZA
197,Y Nacho Y Farruko Me Voy Enamorando,Chino,ES,General,,https://genius.com/search?q=CHINO%20Y%20NACHO%20Y%20FARRUKO%20ME%20VOY%20ENAMORANDO,CHINO Y NACHO Y FARRUKO ME VOY ENAMORANDO
198,Yandel Pitbull Ay Mi Dios,Chino,ES,General,,https://genius.com/search?q=CHINO%20YANDEL%20PITBULL%20AY%20MI%20DIOS,CHINO YANDEL PITBULL AY MI DIOS
199,A La Puerta De Toledo,Chiquetete,ES,General,,https://genius.com/search?q=CHIQUETETE%20A%20LA%20PUERTA%20DE%20TOLEDO,CHIQUETETE A LA PUERTA DE TOLEDO
200,Esta Cobardia,Chiquetete,ES,General,,https://genius.com/search?q=CHIQUETETE%20ESTA%20COBARDIA,CHIQUETETE ESTA COBARDIA
201,Ser Amante,Chiquetete,ES,General,,https://genius.com/search?q=CHIQUETETE%20SER%20AMANTE,CHIQUETETE SER AMANTE
202,Volvere,Chiquetete,ES,General,,https://genius.com/search?q=CHIQUETETE%20VOLVERE,CHIQUETETE VOLVERE
203,Chocolate Mayonesa,,ES,General,,https://genius.com/search?q=CHOCOLATE%20MAYONESA,CHOCOLATE MAYONESA
204,Azul,Christian Castro,ES,General,,https://genius.com/search?q=CHRISTIAN%20CASTRO%20AZUL,CHRISTIAN CASTRO AZUL
205,Lloviendo Estrellas,Christian Castro,ES,General,,https://genius.com/search?q=CHRISTIAN%20CASTRO%20LLOVIENDO%20ESTRELLAS,CHRISTIAN CASTRO LLOVIENDO ESTRELLAS
206,Volver A Amar,Christian Castro,ES,General,,https://genius.com/search?q=CHRISTIAN%20CASTRO%20VOLVER%20A%20AMAR,CHRISTIAN CASTRO VOLVER A AMAR
207,Cnco Hey Dj,,ES,General,,https://genius.com/search?q=CNCO%20HEY%20DJ,CNCO HEY DJ
208,Cnco Reggaeton Lento,,ES,General,,https://genius.com/search?q=CNCO%20REGGAETON%20LENTO,CNCO REGGAETON LENTO
209,Complices Es Por Ti,,ES,General,,https://genius.com/search?q=COMPLICES%20ES%20POR%20TI,COMPLICES ES POR TI
210,Concha Velasco Chica Ye Ye,,ES,General,,https://genius.com/search?q=CONCHA%20VELASCO%20CHICA%20YE%20YE,CONCHA VELASCO CHICA YE YE
211,Coque Malla No Puedo Vivir Sin Ti,,ES,General,,https://genius.com/search?q=COQUE%20MALLA%20NO%20PUEDO%20VIVIR%20SIN%20TI,COQUE MALLA NO PUEDO VIVIR SIN TI
212,Cosculluela Guaya,,ES,General,,https://genius.com/search?q=COSCULLUELA%20GUAYA,COSCULLUELA GUAYA
213,Antes Que Ver El Sol,Coti,ES,General,,https://genius.com/search?q=COTI%20ANTES%20QUE%20VER%20EL%20SOL,COTI ANTES QUE VER EL SOL
214,Color Esperanza,Coti,ES,General,,https://genius.com/search?q=COTI%20COLOR%20ESPERANZA,COTI COLOR ESPERANZA
215,Nada Fue Un Error,Coti,ES,General,,https://genius.com/search?q=COTI%20NADA%20FUE%20UN%20ERROR,COTI NADA FUE UN ERROR
216,Y Paulina Rubio Nada Fue Un Error,Coti,ES,General,,https://genius.com/search?q=COTI%20Y%20PAULINA%20RUBIO%20NADA%20FUE%20UN%20ERROR,COTI Y PAULINA RUBIO NADA FUE UN ERROR
217,Covid 19 Resistire,,ES,General,,https://genius.com/search?q=COVID%2019%20RESISTIRE,COVID 19 RESISTIRE
218,Coyote Dax Arriba Y Abajo,,ES,General,,https://genius.com/search?q=COYOTE%20DAX%20ARRIBA%20Y%20ABAJO,COYOTE DAX ARRIBA Y ABAJO
219,Coyote Dax No Rompas Mi Corazón,,ES,General,,https://genius.com/search?q=COYOTE%20DAX%20NO%20ROMPAS%20MI%20CORAZ%C3%93N,COYOTE DAX NO ROMPAS MI CORAZÓN
220,Daddy Yankee Gasolina,,ES,General,,https://genius.com/search?q=DADDY%20YANKEE%20GASOLINA,DADDY YANKEE GASOLINA
221,Daddy Yankee La Nueva Y La Ex,,ES,General,,https://genius.com/search?q=DADDY%20YANKEE%20LA%20NUEVA%20Y%20LA%20EX,DADDY YANKEE LA NUEVA Y LA EX
222,Bailemos,Dani Fernandez,ES,General,,https://genius.com/search?q=DANI%20FERNANDEZ%20BAILEMOS,DANI FERNANDEZ BAILEMOS
223,Clima Tropical,Dani Fernandez,ES,General,,https://genius.com/search?q=DANI%20FERNANDEZ%20CLIMA%20TROPICAL,DANI FERNANDEZ CLIMA TROPICAL
224,Dile A Los Demas,Dani Fernandez,ES,General,,https://genius.com/search?q=DANI%20FERNANDEZ%20DILE%20A%20LOS%20DEMAS,DANI FERNANDEZ DILE A LOS DEMAS
225,Disparos,Dani Fernandez,ES,General,,https://genius.com/search?q=DANI%20FERNANDEZ%20DISPAROS,DANI FERNANDEZ DISPAROS
226,Me Has Invitado A Bailar,Dani Fernandez,ES,General,,https://genius.com/search?q=DANI%20FERNANDEZ%20ME%20HAS%20INVITADO%20A%20BAILAR,DANI FERNANDEZ ME HAS INVITADO A BAILAR
227,Martin 16 Añitos,Dani,ES,General,,https://genius.com/search?q=DANI%20MARTIN%2016%20A%C3%91ITOS,DANI MARTIN 16 AÑITOS
228,Martin Cero,Dani,ES,General,,https://genius.com/search?q=DANI%20MARTIN%20CERO,DANI MARTIN CERO
229,Danza Invisible A Este Lado De La Carretera,,ES,General,,https://genius.com/search?q=DANZA%20INVISIBLE%20A%20ESTE%20LADO%20DE%20LA%20CARRETERA,DANZA INVISIBLE A ESTE LADO DE LA CARRETERA
230,Danza Invisible Sabor De Amor,,ES,General,,https://genius.com/search?q=DANZA%20INVISIBLE%20SABOR%20DE%20AMOR,DANZA INVISIBLE SABOR DE AMOR
231,Ave Maria,David Bisbal,ES,General,,https://genius.com/search?q=DAVID%20BISBAL%20AVE%20MARIA,DAVID BISBAL AVE MARIA
232,Buleria,David Bisbal,ES,General,,https://genius.com/search?q=DAVID%20BISBAL%20BULERIA,DAVID BISBAL BULERIA
233,Camina Y Ven,David Bisbal,ES,General,,https://genius.com/search?q=DAVID%20BISBAL%20CAMINA%20Y%20VEN,DAVID BISBAL CAMINA Y VEN
234,Corazón Latino,David Bisbal,ES,General,,https://genius.com/search?q=DAVID%20BISBAL%20CORAZ%C3%93N%20LATINO,DAVID BISBAL CORAZÓN LATINO
235,Cobarde,David Bustamante,ES,General,,https://genius.com/search?q=DAVID%20BUSTAMANTE%20COBARDE,DAVID BUSTAMANTE COBARDE
236,Dos Hombres Y Un Destino,David Bustamante,ES,General,,https://genius.com/search?q=DAVID%20BUSTAMANTE%20DOS%20HOMBRES%20Y%20UN%20DESTINO,DAVID BUSTAMANTE DOS HOMBRES Y UN DESTINO
237,No Soy Un Superman,David Bustamante,ES,General,,https://genius.com/search?q=DAVID%20BUSTAMANTE%20NO%20SOY%20UN%20SUPERMAN,DAVID BUSTAMANTE NO SOY UN SUPERMAN
238,Dile Que La Quiero,David Civera,ES,General,,https://genius.com/search?q=DAVID%20CIVERA%20DILE%20QUE%20LA%20QUIERO,DAVID CIVERA DILE QUE LA QUIERO
239,El Orgullo Y La Visa,David Civera,ES,General,,https://genius.com/search?q=DAVID%20CIVERA%20EL%20ORGULLO%20Y%20LA%20VISA,DAVID CIVERA EL ORGULLO Y LA VISA
240,La Chiqui Big Band,David Civera,ES,General,,https://genius.com/search?q=DAVID%20CIVERA%20LA%20CHIQUI%20BIG%20BAND,DAVID CIVERA LA CHIQUI BIG BAND
241,Que La Detengan,David Civera,ES,General,,https://genius.com/search?q=DAVID%20CIVERA%20QUE%20LA%20DETENGAN,DAVID CIVERA QUE LA DETENGAN
242,De Maria Barcos De Papel,David,ES,General,,https://genius.com/search?q=DAVID%20DE%20MARIA%20BARCOS%20DE%20PAPEL,DAVID DE MARIA BARCOS DE PAPEL
243,De Maria Y Malu Enamorada,David,ES,General,,https://genius.com/search?q=DAVID%20DE%20MARIA%20Y%20MALU%20ENAMORADA,DAVID DE MARIA Y MALU ENAMORADA
244,Otero Baile,David,ES,General,,https://genius.com/search?q=DAVID%20OTERO%20BAILE,DAVID OTERO BAILE
245,Davilesde Novelda Flamenco Y Bachata,,ES,General,,https://genius.com/search?q=DAVILESDE%20NOVELDA%20FLAMENCO%20Y%20BACHATA,DAVILESDE NOVELDA FLAMENCO Y BACHATA
246,De Palma Borracho,,ES,General,,https://genius.com/search?q=DE%20PALMA%20BORRACHO,DE PALMA BORRACHO
247,Decai Te Haría Una Casita,,ES,General,,https://genius.com/search?q=DECAI%20TE%20HAR%C3%8DA%20UNA%20CASITA,DECAI TE HARÍA UNA CASITA
248,Demarco Flamenco La Isla Del Amor,,ES,General,,https://genius.com/search?q=DEMARCO%20FLAMENCO%20LA%20ISLA%20DEL%20AMOR,DEMARCO FLAMENCO LA ISLA DEL AMOR
249,Depol Ibiza,,ES,General,,https://genius.com/search?q=DEPOL%20IBIZA,DEPOL IBIZA
250,Depol Quien Diria,,ES,General,,https://genius.com/search?q=DEPOL%20QUIEN%20DIRIA,DEPOL QUIEN DIRIA
251,Despistaos Fisica O Quimica,,ES,General,,https://genius.com/search?q=DESPISTAOS%20FISICA%20O%20QUIMICA,DESPISTAOS FISICA O QUIMICA
252,Diego Martin Y Raquel Del Rosario Dejame Verte,,ES,General,,https://genius.com/search?q=DIEGO%20MARTIN%20Y%20RAQUEL%20DEL%20ROSARIO%20DEJAME%20VERTE,DIEGO MARTIN Y RAQUEL DEL ROSARIO DEJAME VERTE
253,Omar Cuentale,Don,ES,General,,https://genius.com/search?q=DON%20OMAR%20CUENTALE,DON OMAR CUENTALE
254,Omar Danza Kuduro,Don,ES,General,,https://genius.com/search?q=DON%20OMAR%20DANZA%20KUDURO,DON OMAR DANZA KUDURO
255,Patricio Contando Lunares,Don,ES,General,,https://genius.com/search?q=DON%20PATRICIO%20CONTANDO%20LUNARES,DON PATRICIO CONTANDO LUNARES
256,Cien Gaviotas,Duncan Dhu,ES,General,,https://genius.com/search?q=DUNCAN%20DHU%20CIEN%20GAVIOTAS,DUNCAN DHU CIEN GAVIOTAS
257,Jardín De Rosas,Duncan Dhu,ES,General,,https://genius.com/search?q=DUNCAN%20DHU%20JARD%C3%8DN%20DE%20ROSAS,DUNCAN DHU JARDÍN DE ROSAS
258,Una Calle De París,Duncan Dhu,ES,General,,https://genius.com/search?q=DUNCAN%20DHU%20UNA%20CALLE%20DE%20PAR%C3%8DS,DUNCAN DHU UNA CALLE DE PARÍS
259,Dúo Dinámico 15 Años Tiene Mi Amor,,ES,General,,https://genius.com/search?q=D%C3%9AO%20DIN%C3%81MICO%2015%20A%C3%91OS%20TIENE%20MI%20AMOR,DÚO DINÁMICO 15 AÑOS TIENE MI AMOR
260,Eres Tu,Duo Dinamico,ES,General,,https://genius.com/search?q=DUO%20DINAMICO%20ERES%20TU,DUO DINAMICO ERES TU
261,Oh Carol,Duo Dinamico,ES,General,,https://genius.com/search?q=DUO%20DINAMICO%20OH%20CAROL,DUO DINAMICO OH CAROL
262,Dúo Dinámico Quisiera Ser,,ES,General,,https://genius.com/search?q=D%C3%9AO%20DIN%C3%81MICO%20QUISIERA%20SER,DÚO DINÁMICO QUISIERA SER
263,Resistire,Duo Dinamico,ES,General,,https://genius.com/search?q=DUO%20DINAMICO%20RESISTIRE,DUO DINAMICO RESISTIRE
264,No Importa Que Llueva,Efecto Pasillo,ES,General,,https://genius.com/search?q=EFECTO%20PASILLO%20NO%20IMPORTA%20QUE%20LLUEVA,EFECTO PASILLO NO IMPORTA QUE LLUEVA
265,Pan Y Mantequilla,Efecto Pasillo,ES,General,,https://genius.com/search?q=EFECTO%20PASILLO%20PAN%20Y%20MANTEQUILLA,EFECTO PASILLO PAN Y MANTEQUILLA
266,Salvajes Irracionales,Efecto Pasillo,ES,General,,https://genius.com/search?q=EFECTO%20PASILLO%20SALVAJES%20IRRACIONALES,EFECTO PASILLO SALVAJES IRRACIONALES
267,A Mi Na Mas,El Arrebato,ES,General,,https://genius.com/search?q=EL%20ARREBATO%20A%20MI%20NA%20MAS,EL ARREBATO A MI NA MAS
268,Buscate Un Hombre Que Te Quiera,El Arrebato,ES,General,,https://genius.com/search?q=EL%20ARREBATO%20BUSCATE%20UN%20HOMBRE%20QUE%20TE%20QUIERA,EL ARREBATO BUSCATE UN HOMBRE QUE TE QUIERA
269,Mi Colega De Siempre,El Arrebato,ES,General,,https://genius.com/search?q=EL%20ARREBATO%20MI%20COLEGA%20DE%20SIEMPRE,EL ARREBATO MI COLEGA DE SIEMPRE
270,Poquito A Poco,El Arrebato,ES,General,,https://genius.com/search?q=EL%20ARREBATO%20POQUITO%20A%20POCO,EL ARREBATO POQUITO A POCO
271,Una Noche Con Arte,El Arrebato,ES,General,,https://genius.com/search?q=EL%20ARREBATO%20UNA%20NOCHE%20CON%20ARTE,EL ARREBATO UNA NOCHE CON ARTE
272,Angel Malherido,El Barrio,ES,General,,https://genius.com/search?q=EL%20BARRIO%20ANGEL%20MALHERIDO,EL BARRIO ANGEL MALHERIDO
273,"Buena , Bonita Y Barata",El Barrio,ES,General,,https://genius.com/search?q=EL%20BARRIO%20BUENA%20%2C%20BONITA%20Y%20BARATA,"EL BARRIO BUENA , BONITA Y BARATA"
274,Orgullo Barriero,El Barrio,ES,General,,https://genius.com/search?q=EL%20BARRIO%20ORGULLO%20BARRIERO,EL BARRIO ORGULLO BARRIERO
275,Pa Madrid,El Barrio,ES,General,,https://genius.com/search?q=EL%20BARRIO%20PA%20MADRID,EL BARRIO PA MADRID
276,Todo Tiene Su Fin,El Barrio,ES,General,,https://genius.com/search?q=EL%20BARRIO%20TODO%20TIENE%20SU%20FIN,EL BARRIO TODO TIENE SU FIN
277,Tu Frialdad,El Barrio,ES,General,,https://genius.com/search?q=EL%20BARRIO%20TU%20FRIALDAD,EL BARRIO TU FRIALDAD
278,Loco Eres Tonto,El Canto Del,ES,General,,https://genius.com/search?q=EL%20CANTO%20DEL%20LOCO%20ERES%20TONTO,EL CANTO DEL LOCO ERES TONTO
279,Loco Eres Un Canalla,El Canto Del,ES,General,,https://genius.com/search?q=EL%20CANTO%20DEL%20LOCO%20ERES%20UN%20CANALLA,EL CANTO DEL LOCO ERES UN CANALLA
280,Loco La Madre De Jose,El Canto Del,ES,General,,https://genius.com/search?q=EL%20CANTO%20DEL%20LOCO%20LA%20MADRE%20DE%20JOSE,EL CANTO DEL LOCO LA MADRE DE JOSE
281,Loco No Puedo Vivir Sin Ti,El Canto Del,ES,General,,https://genius.com/search?q=EL%20CANTO%20DEL%20LOCO%20NO%20PUEDO%20VIVIR%20SIN%20TI,EL CANTO DEL LOCO NO PUEDO VIVIR SIN TI
282,Loco Puede Ser,El Canto Del,ES,General,,https://genius.com/search?q=EL%20CANTO%20DEL%20LOCO%20PUEDE%20SER,EL CANTO DEL LOCO PUEDE SER
283,Loco Volvera,El Canto Del,ES,General,,https://genius.com/search?q=EL%20CANTO%20DEL%20LOCO%20VOLVERA,EL CANTO DEL LOCO VOLVERA
284,Loco Ya Nada Volverá A Ser Como Antes,El Canto Del,ES,General,,https://genius.com/search?q=EL%20CANTO%20DEL%20LOCO%20YA%20NADA%20VOLVER%C3%81%20A%20SER%20COMO%20ANTES,EL CANTO DEL LOCO YA NADA VOLVERÁ A SER COMO ANTES
285,Loco Zapatillas,El Canto Del,ES,General,,https://genius.com/search?q=EL%20CANTO%20DEL%20LOCO%20ZAPATILLAS,EL CANTO DEL LOCO ZAPATILLAS
286,Chaval De La Peca Habanibi,El,ES,General,,https://genius.com/search?q=EL%20CHAVAL%20DE%20LA%20PECA%20HABANIBI,EL CHAVAL DE LA PECA HABANIBI
287,Combo Dominicano El Flow De La Cucaracha,El,ES,General,,https://genius.com/search?q=EL%20COMBO%20DOMINICANO%20EL%20FLOW%20DE%20LA%20CUCARACHA,EL COMBO DOMINICANO EL FLOW DE LA CUCARACHA
288,Consorcio El Chacacha Del Tren,El,ES,General,,https://genius.com/search?q=EL%20CONSORCIO%20EL%20CHACACHA%20DEL%20TREN,EL CONSORCIO EL CHACACHA DEL TREN
289,La Mandanga,El Fary,ES,General,,https://genius.com/search?q=EL%20FARY%20LA%20MANDANGA,EL FARY LA MANDANGA
290,Paloma Que Pierde El Vuelo,El Fary,ES,General,,https://genius.com/search?q=EL%20FARY%20PALOMA%20QUE%20PIERDE%20EL%20VUELO,EL FARY PALOMA QUE PIERDE EL VUELO
291,Torito Guapo,El Fary,ES,General,,https://genius.com/search?q=EL%20FARY%20TORITO%20GUAPO,EL FARY TORITO GUAPO
292,Koala Y Manolo Escobar Mi Carro,El,ES,General,,https://genius.com/search?q=EL%20KOALA%20Y%20MANOLO%20ESCOBAR%20MI%20CARRO,EL KOALA Y MANOLO ESCOBAR MI CARRO
293,Koala Yo Viaze Un Corral,El,ES,General,,https://genius.com/search?q=EL%20KOALA%20YO%20VIAZE%20UN%20CORRAL,EL KOALA YO VIAZE UN CORRAL
294,Maki Te Quiero A Morir,El,ES,General,,https://genius.com/search?q=EL%20MAKI%20TE%20QUIERO%20A%20MORIR,EL MAKI TE QUIERO A MORIR
295,Norte Entre Tú Y Yo,El,ES,General,,https://genius.com/search?q=EL%20NORTE%20ENTRE%20T%C3%9A%20Y%20YO,EL NORTE ENTRE TÚ Y YO
296,Azul Y Blanco,El Pescao,ES,General,,https://genius.com/search?q=EL%20PESCAO%20AZUL%20Y%20BLANCO,EL PESCAO AZUL Y BLANCO
297,Buscando El Sol,El Pescao,ES,General,,https://genius.com/search?q=EL%20PESCAO%20BUSCANDO%20EL%20SOL,EL PESCAO BUSCANDO EL SOL
298,Castillos De Arena,El Pescao,ES,General,,https://genius.com/search?q=EL%20PESCAO%20CASTILLOS%20DE%20ARENA,EL PESCAO CASTILLOS DE ARENA
299,La Fila A San Fernando,El Ultimo De,ES,General,,https://genius.com/search?q=EL%20ULTIMO%20DE%20LA%20FILA%20A%20SAN%20FERNANDO,EL ULTIMO DE LA FILA A SAN FERNANDO
300,La Fila Como Un Burro Amarrado,El Ultimo De,ES,General,,https://genius.com/search?q=EL%20ULTIMO%20DE%20LA%20FILA%20COMO%20UN%20BURRO%20AMARRADO,EL ULTIMO DE LA FILA COMO UN BURRO AMARRADO
301,La Fila El Que Canta Su Mal Espanta,El Ultimo De,ES,General,,https://genius.com/search?q=EL%20ULTIMO%20DE%20LA%20FILA%20EL%20QUE%20CANTA%20SU%20MAL%20ESPANTA,EL ULTIMO DE LA FILA EL QUE CANTA SU MAL ESPANTA
302,La Fila Insurreción,El Ultimo De,ES,General,,https://genius.com/search?q=EL%20ULTIMO%20DE%20LA%20FILA%20INSURRECI%C3%93N,EL ULTIMO DE LA FILA INSURRECIÓN
303,La Fila Lapiz Tinta,El Ultimo De,ES,General,,https://genius.com/search?q=EL%20ULTIMO%20DE%20LA%20FILA%20LAPIZ%20TINTA,EL ULTIMO DE LA FILA LAPIZ TINTA
304,La Fila Nunca El Tiempo Es Perdido,El Ultimo De,ES,General,,https://genius.com/search?q=EL%20ULTIMO%20DE%20LA%20FILA%20NUNCA%20EL%20TIEMPO%20ES%20PERDIDO,EL ULTIMO DE LA FILA NUNCA EL TIEMPO ES PERDIDO
305,La Fila Pajaros De Barro,El Ultimo De,ES,General,,https://genius.com/search?q=EL%20ULTIMO%20DE%20LA%20FILA%20PAJAROS%20DE%20BARRO,EL ULTIMO DE LA FILA PAJAROS DE BARRO
306,La Fila Querida Milagros,El Ultimo De,ES,General,,https://genius.com/search?q=EL%20ULTIMO%20DE%20LA%20FILA%20QUERIDA%20MILAGROS,EL ULTIMO DE LA FILA QUERIDA MILAGROS
307,Elefante Así Es La Vida,,ES,General,,https://genius.com/search?q=ELEFANTE%20AS%C3%8D%20ES%20LA%20VIDA,ELEFANTE ASÍ ES LA VIDA
308,Amores De Barra,Ella Baila Sola,ES,General,,https://genius.com/search?q=ELLA%20BAILA%20SOLA%20AMORES%20DE%20BARRA,ELLA BAILA SOLA AMORES DE BARRA
309,Cuando Los Sapos Bailen Flamenco,Ella Baila Sola,ES,General,,https://genius.com/search?q=ELLA%20BAILA%20SOLA%20CUANDO%20LOS%20SAPOS%20BAILEN%20FLAMENCO,ELLA BAILA SOLA CUANDO LOS SAPOS BAILEN FLAMENCO
310,Lo Echamos A Suertes,Ella Baila Sola,ES,General,,https://genius.com/search?q=ELLA%20BAILA%20SOLA%20LO%20ECHAMOS%20A%20SUERTES,ELLA BAILA SOLA LO ECHAMOS A SUERTES
311,Mujer Florero,Ella Baila Sola,ES,General,,https://genius.com/search?q=ELLA%20BAILA%20SOLA%20MUJER%20FLORERO,ELLA BAILA SOLA MUJER FLORERO
312,Cuidado Con Paloma,Emilio Aragon,ES,General,,https://genius.com/search?q=EMILIO%20ARAGON%20CUIDADO%20CON%20PALOMA,EMILIO ARAGON CUIDADO CON PALOMA
313,Te Huelen Los Pies,Emilio Aragon,ES,General,,https://genius.com/search?q=EMILIO%20ARAGON%20TE%20HUELEN%20LOS%20PIES,EMILIO ARAGON TE HUELEN LOS PIES
314,Bailamos,Enrique Iglesias,ES,General,,https://genius.com/search?q=ENRIQUE%20IGLESIAS%20BAILAMOS,ENRIQUE IGLESIAS BAILAMOS
315,Bailando Sin Coros Para Grupo,Enrique Iglesias,ES,General,,https://genius.com/search?q=ENRIQUE%20IGLESIAS%20BAILANDO%20SIN%20COROS%20PARA%20GRUPO,ENRIQUE IGLESIAS BAILANDO SIN COROS PARA GRUPO
316,Experiencia Religiosa,Enrique Iglesias,ES,General,,https://genius.com/search?q=ENRIQUE%20IGLESIAS%20EXPERIENCIA%20RELIGIOSA,ENRIQUE IGLESIAS EXPERIENCIA RELIGIOSA
317,Feat Descemer Zion Y Lennox Subeme La Radio,Enrique Iglesias,ES,General,,https://genius.com/search?q=ENRIQUE%20IGLESIAS%20FEAT%20DESCEMER%20ZION%20Y%20LENNOX%20SUBEME%20LA%20RADIO,ENRIQUE IGLESIAS FEAT DESCEMER ZION Y LENNOX SUBEME LA RADIO
318,Y Bad Bunny El Baño,Enrique Iglesias,ES,General,,https://genius.com/search?q=ENRIQUE%20IGLESIAS%20Y%20BAD%20BUNNY%20EL%20BA%C3%91O,ENRIQUE IGLESIAS Y BAD BUNNY EL BAÑO
319,Fuego En El Fuego,Eros Ramazzotti,ES,General,,https://genius.com/search?q=EROS%20RAMAZZOTTI%20FUEGO%20EN%20EL%20FUEGO,EROS RAMAZZOTTI FUEGO EN EL FUEGO
320,La Sombra Del Gigante,Eros Ramazzotti,ES,General,,https://genius.com/search?q=EROS%20RAMAZZOTTI%20LA%20SOMBRA%20DEL%20GIGANTE,EROS RAMAZZOTTI LA SOMBRA DEL GIGANTE
321,Si Bastasen Un Par De Canciones,Eros Ramazzotti,ES,General,,https://genius.com/search?q=EROS%20RAMAZZOTTI%20SI%20BASTASEN%20UN%20PAR%20DE%20CANCIONES,EROS RAMAZZOTTI SI BASTASEN UN PAR DE CANCIONES
322,& Fito Y Fitipaldis Camiseta De Rock And Roll,Estopa,ES,General,,https://genius.com/search?q=ESTOPA%20%26%20FITO%20Y%20FITIPALDIS%20CAMISETA%20DE%20ROCK%20AND%20ROLL,ESTOPA & FITO Y FITIPALDIS CAMISETA DE ROCK AND ROLL
323,Cacho A Cacho,Estopa,ES,General,,https://genius.com/search?q=ESTOPA%20CACHO%20A%20CACHO,ESTOPA CACHO A CACHO
324,Como Camarón,Estopa,ES,General,,https://genius.com/search?q=ESTOPA%20COMO%20CAMAR%C3%93N,ESTOPA COMO CAMARÓN
325,El Del Medio De Los Chichos,Estopa,ES,General,,https://genius.com/search?q=ESTOPA%20EL%20DEL%20MEDIO%20DE%20LOS%20CHICHOS,ESTOPA EL DEL MEDIO DE LOS CHICHOS
326,Fuente De Energia,Estopa,ES,General,,https://genius.com/search?q=ESTOPA%20FUENTE%20DE%20ENERGIA,ESTOPA FUENTE DE ENERGIA
327,La Raja De Tu Falda,Estopa,ES,General,,https://genius.com/search?q=ESTOPA%20LA%20RAJA%20DE%20TU%20FALDA,ESTOPA LA RAJA DE TU FALDA
328,Malabares,Estopa,ES,General,,https://genius.com/search?q=ESTOPA%20MALABARES,ESTOPA MALABARES
329,Partiendo La Pana,Estopa,ES,General,,https://genius.com/search?q=ESTOPA%20PARTIENDO%20LA%20PANA,ESTOPA PARTIENDO LA PANA
330,Pastillas De Freno,Estopa,ES,General,,https://genius.com/search?q=ESTOPA%20PASTILLAS%20DE%20FRENO,ESTOPA PASTILLAS DE FRENO
331,Tragicomedia,Estopa,ES,General,,https://genius.com/search?q=ESTOPA%20TRAGICOMEDIA,ESTOPA TRAGICOMEDIA
332,Tu Calorro,Estopa,ES,General,,https://genius.com/search?q=ESTOPA%20TU%20CALORRO,ESTOPA TU CALORRO
333,Vino Tinto,Estopa,ES,General,,https://genius.com/search?q=ESTOPA%20VINO%20TINTO,ESTOPA VINO TINTO
334,Y R Flores Suena El Rum Rum,Estopa,ES,General,,https://genius.com/search?q=ESTOPA%20y%20R%20FLORES%20SUENA%20EL%20RUM%20RUM,ESTOPA y R FLORES SUENA EL RUM RUM
335,Bribriblibli,Extremoduro,ES,General,,https://genius.com/search?q=EXTREMODURO%20BRIBRIBLIBLI,EXTREMODURO BRIBRIBLIBLI
336,Jesucristo Garcia,Extremoduro,ES,General,,https://genius.com/search?q=EXTREMODURO%20JESUCRISTO%20GARCIA,EXTREMODURO JESUCRISTO GARCIA
337,La Vereda De La Puerta De Atras,Extremoduro,ES,General,,https://genius.com/search?q=EXTREMODURO%20LA%20VEREDA%20DE%20LA%20PUERTA%20DE%20ATRAS,EXTREMODURO LA VEREDA DE LA PUERTA DE ATRAS
338,So Payaso,Extremoduro,ES,General,,https://genius.com/search?q=EXTREMODURO%20SO%20PAYASO,EXTREMODURO SO PAYASO
339,Stand By,Extremoduro,ES,General,,https://genius.com/search?q=EXTREMODURO%20STAND%20BY,EXTREMODURO STAND BY
340,Fernando Esteso La Ramona,,ES,General,,https://genius.com/search?q=FERNANDO%20ESTESO%20LA%20RAMONA,FERNANDO ESTESO LA RAMONA
341,Fitipaldis Acabo De Llegar,Fito Y Los,ES,General,,https://genius.com/search?q=FITO%20Y%20LOS%20FITIPALDIS%20ACABO%20DE%20LLEGAR,FITO Y LOS FITIPALDIS ACABO DE LLEGAR
342,Fitipaldis Antes De Que Cuente Diez,Fito Y Los,ES,General,,https://genius.com/search?q=FITO%20Y%20LOS%20FITIPALDIS%20ANTES%20DE%20QUE%20CUENTE%20DIEZ,FITO Y LOS FITIPALDIS ANTES DE QUE CUENTE DIEZ
343,Fitipaldis Corazon Oxidado,Fito Y Los,ES,General,,https://genius.com/search?q=FITO%20Y%20LOS%20FITIPALDIS%20CORAZON%20OXIDADO,FITO Y LOS FITIPALDIS CORAZON OXIDADO
344,Fitipaldis Entre La Espada Y La Pared,Fito Y Los,ES,General,,https://genius.com/search?q=FITO%20Y%20LOS%20FITIPALDIS%20ENTRE%20LA%20ESPADA%20Y%20LA%20PARED,FITO Y LOS FITIPALDIS ENTRE LA ESPADA Y LA PARED
345,Fitipaldis La Casa Por El Tejado,Fito Y Los,ES,General,,https://genius.com/search?q=FITO%20Y%20LOS%20FITIPALDIS%20LA%20CASA%20POR%20EL%20TEJADO,FITO Y LOS FITIPALDIS LA CASA POR EL TEJADO
346,Fitipaldis Me Equivocaria Otra Vez,Fito Y Los,ES,General,,https://genius.com/search?q=FITO%20Y%20LOS%20FITIPALDIS%20ME%20EQUIVOCARIA%20OTRA%20VEZ,FITO Y LOS FITIPALDIS ME EQUIVOCARIA OTRA VEZ
347,Fitipaldis Para Toda La Vida,Fito Y Los,ES,General,,https://genius.com/search?q=FITO%20Y%20LOS%20FITIPALDIS%20PARA%20TODA%20LA%20VIDA,FITO Y LOS FITIPALDIS PARA TODA LA VIDA
348,Fitipaldis Soldadito Marinero,Fito Y Los,ES,General,,https://genius.com/search?q=FITO%20Y%20LOS%20FITIPALDIS%20SOLDADITO%20MARINERO,FITO Y LOS FITIPALDIS SOLDADITO MARINERO
349,Fitipaldis Whisky Barato,Fito Y Los,ES,General,,https://genius.com/search?q=FITO%20Y%20LOS%20FITIPALDIS%20WHISKY%20BARATO,FITO Y LOS FITIPALDIS WHISKY BARATO
350,Te Quiero Mas,Formula Abierta,ES,General,,https://genius.com/search?q=FORMULA%20ABIERTA%20TE%20QUIERO%20MAS,FORMULA ABIERTA TE QUIERO MAS
351,Carolina,Formula V,ES,General,,https://genius.com/search?q=FORMULA%20V%20CAROLINA,FORMULA V CAROLINA
352,En La Fiesta De Blas,Formula V,ES,General,,https://genius.com/search?q=FORMULA%20V%20EN%20LA%20FIESTA%20DE%20BLAS,FORMULA V EN LA FIESTA DE BLAS
353,Eva Maria,Formula V,ES,General,,https://genius.com/search?q=FORMULA%20V%20EVA%20MARIA,FORMULA V EVA MARIA
354,Eva Maria Se Fue,Formula V,ES,General,,https://genius.com/search?q=FORMULA%20V%20EVA%20MARIA%20SE%20FUE,FORMULA V EVA MARIA SE FUE
355,La Fiesta De Blas,Formula V,ES,General,,https://genius.com/search?q=FORMULA%20V%20LA%20FIESTA%20DE%20BLAS,FORMULA V LA FIESTA DE BLAS
356,Popurri Formula V,Formula V,ES,General,,https://genius.com/search?q=FORMULA%20V%20POPURRI%20FORMULA%20V,FORMULA V POPURRI FORMULA V
357,Francisco Cespedes Vida Loca,,ES,General,,https://genius.com/search?q=FRANCISCO%20CESPEDES%20VIDA%20LOCA,FRANCISCO CESPEDES VIDA LOCA
358,Franco Battiato Yo Quiero Verte Danzar,,ES,General,,https://genius.com/search?q=FRANCO%20BATTIATO%20YO%20QUIERO%20VERTE%20DANZAR,FRANCO BATTIATO YO QUIERO VERTE DANZAR
359,Frank Sinatra A Mi Manera,,ES,General,,https://genius.com/search?q=FRANK%20SINATRA%20A%20MI%20MANERA,FRANK SINATRA A MI MANERA
360,Frank Sinatra New York (Español),,ES,General,,https://genius.com/search?q=FRANK%20SINATRA%20NEW%20YORK%20%28ESPA%C3%91OL%29,FRANK SINATRA NEW YORK (ESPAÑOL)
361,Amor Amor Amor,Funambulista,ES,General,,https://genius.com/search?q=FUNAMBULISTA%20AMOR%20AMOR%20AMOR,FUNAMBULISTA AMOR AMOR AMOR
362,Eramos Reyes,Funambulista,ES,General,,https://genius.com/search?q=FUNAMBULISTA%20ERAMOS%20REYES,FUNAMBULISTA ERAMOS REYES
363,Esa Luz,Funambulista,ES,General,,https://genius.com/search?q=FUNAMBULISTA%20ESA%20LUZ,FUNAMBULISTA ESA LUZ
364,Familia,Funambulista,ES,General,,https://genius.com/search?q=FUNAMBULISTA%20FAMILIA,FUNAMBULISTA FAMILIA
365,La Vida De Antes,Funambulista,ES,General,,https://genius.com/search?q=FUNAMBULISTA%20LA%20VIDA%20DE%20ANTES,FUNAMBULISTA LA VIDA DE ANTES
366,Solo Luz,Funambulista,ES,General,,https://genius.com/search?q=FUNAMBULISTA%20SOLO%20LUZ,FUNAMBULISTA SOLO LUZ
367,Camino Soria,Gabinete Caligari,ES,General,,https://genius.com/search?q=GABINETE%20CALIGARI%20CAMINO%20SORIA,GABINETE CALIGARI CAMINO SORIA
368,El Calor Del Amor En Un Bar,Gabinete Caligari,ES,General,,https://genius.com/search?q=GABINETE%20CALIGARI%20EL%20CALOR%20DEL%20AMOR%20EN%20UN%20BAR,GABINETE CALIGARI EL CALOR DEL AMOR EN UN BAR
369,La Culpa Fue Del Cha Cha Chá,Gabinete Caligari,ES,General,,https://genius.com/search?q=GABINETE%20CALIGARI%20LA%20CULPA%20FUE%20DEL%20CHA%20CHA%20CH%C3%81,GABINETE CALIGARI LA CULPA FUE DEL CHA CHA CHÁ
370,Galigari Solo Se Vive Una Vez,Gabinete,ES,General,,https://genius.com/search?q=GABINETE%20GALIGARI%20SOLO%20SE%20VIVE%20UNA%20VEZ,GABINETE GALIGARI SOLO SE VIVE UNA VEZ
371,Galvan Real La Magia,,ES,General,,https://genius.com/search?q=GALVAN%20REAL%20LA%20MAGIA,GALVAN REAL LA MAGIA
372,Gangnam Gangnam Style,,ES,General,,https://genius.com/search?q=GANGNAM%20GANGNAM%20STYLE,GANGNAM GANGNAM STYLE
373,Popurry,Garibaldi,ES,General,,https://genius.com/search?q=GARIBALDI%20POPURRY,GARIBALDI POPURRY
374,Que Te La Pongo,Garibaldi,ES,General,,https://genius.com/search?q=GARIBALDI%20QUE%20TE%20LA%20PONGO,GARIBALDI QUE TE LA PONGO
375,Vamonos De Fiesta,Garibaldi,ES,General,,https://genius.com/search?q=GARIBALDI%20VAMONOS%20DE%20FIESTA,GARIBALDI VAMONOS DE FIESTA
376,Gente De Zona Y Marc Anthony La Gozadera,,ES,General,,https://genius.com/search?q=GENTE%20DE%20ZONA%20Y%20MARC%20ANTHONY%20LA%20GOZADERA,GENTE DE ZONA Y MARC ANTHONY LA GOZADERA
377,"Cachete, Pechito Y Ombligo",Georgie Dann,ES,General,,https://genius.com/search?q=GEORGIE%20DANN%20CACHETE%2C%20PECHITO%20Y%20OMBLIGO,"GEORGIE DANN CACHETE, PECHITO Y OMBLIGO"
378,Chiringuito,Georgie Dann El,ES,General,,https://genius.com/search?q=GEORGIE%20DANN%20EL%20CHIRINGUITO,GEORGIE DANN EL CHIRINGUITO
379,King A Mi Manera,Gipsy,ES,General,,https://genius.com/search?q=GIPSY%20KING%20A%20MI%20MANERA,GIPSY KING A MI MANERA
380,Bamboleo,Gipsy Kings,ES,General,,https://genius.com/search?q=GIPSY%20KINGS%20BAMBOLEO,GIPSY KINGS BAMBOLEO
381,El Toro Y La Luna,Gipsy Kings,ES,General,,https://genius.com/search?q=GIPSY%20KINGS%20EL%20TORO%20Y%20LA%20LUNA,GIPSY KINGS EL TORO Y LA LUNA
382,Volare,Gipsy Kings,ES,General,,https://genius.com/search?q=GIPSY%20KINGS%20VOLARE,GIPSY KINGS VOLARE
383,Heroes Del Silencio Entre Dos Tierras,,ES,General,,https://genius.com/search?q=HEROES%20DEL%20SILENCIO%20ENTRE%20DOS%20TIERRAS,HEROES DEL SILENCIO ENTRE DOS TIERRAS
384,Heroes Del Silencio Maldito Duende,,ES,General,,https://genius.com/search?q=HEROES%20DEL%20SILENCIO%20MALDITO%20DUENDE,HEROES DEL SILENCIO MALDITO DUENDE
385,Himno Covid19 Resistire 2020,,ES,General,,https://genius.com/search?q=HIMNO%20COVID19%20RESISTIRE%202020,HIMNO COVID19 RESISTIRE 2020
386,Himno Seleccion Española La Roja Baila,,ES,General,,https://genius.com/search?q=HIMNO%20SELECCION%20ESPA%C3%91OLA%20LA%20ROJA%20BAILA,HIMNO SELECCION ESPAÑOLA LA ROJA BAILA
387,Dejad Que Las Niñas Se Acerquen A Mi,Hombres G,ES,General,,https://genius.com/search?q=HOMBRES%20G%20DEJAD%20QUE%20LAS%20NI%C3%91AS%20SE%20ACERQUEN%20A%20MI,HOMBRES G DEJAD QUE LAS NIÑAS SE ACERQUEN A MI
388,Devuelveme A Mi Chica,Hombres G,ES,General,,https://genius.com/search?q=HOMBRES%20G%20DEVUELVEME%20A%20MI%20CHICA,HOMBRES G DEVUELVEME A MI CHICA
389,Sueltate El Pelo,Hombres G,ES,General,,https://genius.com/search?q=HOMBRES%20G%20SUELTATE%20EL%20PELO,HOMBRES G SUELTATE EL PELO
390,Venezia,Hombres G,ES,General,,https://genius.com/search?q=HOMBRES%20G%20VENEZIA,HOMBRES G VENEZIA
391,Visite Nuestro Bar,Hombres G,ES,General,,https://genius.com/search?q=HOMBRES%20G%20VISITE%20NUESTRO%20BAR,HOMBRES G VISITE NUESTRO BAR
392,Voy A Pasarmelo Bien,Hombres G,ES,General,,https://genius.com/search?q=HOMBRES%20G%20VOY%20A%20PASARMELO%20BIEN,HOMBRES G VOY A PASARMELO BIEN
393,Huecco La Reina De Los Angelotes,,ES,General,,https://genius.com/search?q=HUECCO%20LA%20REINA%20DE%20LOS%20ANGELOTES,HUECCO LA REINA DE LOS ANGELOTES
394,Ilegales Soy Un Macarra,,ES,General,,https://genius.com/search?q=ILEGALES%20SOY%20UN%20MACARRA,ILEGALES SOY UN MACARRA
395,El Himno De Mi Peña,Isabel Aaiun,ES,General,,https://genius.com/search?q=ISABEL%20AAIUN%20EL%20HIMNO%20DE%20MI%20PE%C3%91A,ISABEL AAIUN EL HIMNO DE MI PEÑA
396,Hard Remix Potra Salvaje Hard Remix,Isabel Aaiun,ES,General,,https://genius.com/search?q=ISABEL%20AAIUN%20HARD%20REMIX%20POTRA%20SALVAJE%20HARD%20REMIX,ISABEL AAIUN HARD REMIX POTRA SALVAJE HARD REMIX
397,Ojopaloma,Isabel Aaiun,ES,General,,https://genius.com/search?q=ISABEL%20AAIUN%20OJOPALOMA,ISABEL AAIUN OJOPALOMA
398,Potra Salvaje,Isabel Aaiun,ES,General,,https://genius.com/search?q=ISABEL%20AAIUN%20POTRA%20SALVAJE,ISABEL AAIUN POTRA SALVAJE
399,Asi Fue,Isabel Pantoja,ES,General,,https://genius.com/search?q=ISABEL%20PANTOJA%20ASI%20FUE,ISABEL PANTOJA ASI FUE
400,Ese Barco Velero,Isabel Pantoja,ES,General,,https://genius.com/search?q=ISABEL%20PANTOJA%20ESE%20BARCO%20VELERO,ISABEL PANTOJA ESE BARCO VELERO
401,Hoy Quiero Confesarme,Isabel Pantoja,ES,General,,https://genius.com/search?q=ISABEL%20PANTOJA%20HOY%20QUIERO%20CONFESARME,ISABEL PANTOJA HOY QUIERO CONFESARME
402,Marinero De Luces,Isabel Pantoja,ES,General,,https://genius.com/search?q=ISABEL%20PANTOJA%20MARINERO%20DE%20LUCES,ISABEL PANTOJA MARINERO DE LUCES
403,Se Me Enamora El Alma,Isabel Pantoja,ES,General,,https://genius.com/search?q=ISABEL%20PANTOJA%20SE%20ME%20ENAMORA%20EL%20ALMA,ISABEL PANTOJA SE ME ENAMORA EL ALMA
404,Yo Soy Esa,Isabel Pantoja,ES,General,,https://genius.com/search?q=ISABEL%20PANTOJA%20YO%20SOY%20ESA,ISABEL PANTOJA YO SOY ESA
405,Izal Copacabana,,ES,General,,https://genius.com/search?q=IZAL%20COPACABANA,IZAL COPACABANA
406,Izal La Mujer De Verde,,ES,General,,https://genius.com/search?q=IZAL%20LA%20MUJER%20DE%20VERDE,IZAL LA MUJER DE VERDE
407,De Vuelta Y Vuelta,Jarabe De Palo,ES,General,,https://genius.com/search?q=JARABE%20DE%20PALO%20DE%20VUELTA%20Y%20VUELTA,JARABE DE PALO DE VUELTA Y VUELTA
408,Depende,Jarabe De Palo,ES,General,,https://genius.com/search?q=JARABE%20DE%20PALO%20DEPENDE,JARABE DE PALO DEPENDE
409,Eso Que Tu Me Das,Jarabe De Palo,ES,General,,https://genius.com/search?q=JARABE%20DE%20PALO%20ESO%20QUE%20TU%20ME%20DAS,JARABE DE PALO ESO QUE TU ME DAS
410,La Flaca,Jarabe De Palo,ES,General,,https://genius.com/search?q=JARABE%20DE%20PALO%20LA%20FLACA,JARABE DE PALO LA FLACA
411,Jeannette Porque Te Vas,,ES,General,,https://genius.com/search?q=JEANNETTE%20PORQUE%20TE%20VAS,JEANNETTE PORQUE TE VAS
412,Jeannette Soy Rebelde,,ES,General,,https://genius.com/search?q=JEANNETTE%20SOY%20REBELDE,JEANNETTE SOY REBELDE
413,Jerry Rivera Vuela Muy Alto Versión Salsa,,ES,General,,https://genius.com/search?q=JERRY%20RIVERA%20VUELA%20MUY%20ALTO%20VERSI%C3%93N%20SALSA,JERRY RIVERA VUELA MUY ALTO VERSIÓN SALSA
414,Joy & Gente De Zona 3 A.M.,Jesse,ES,General,,https://genius.com/search?q=JESSE%20JOY%20%26%20GENTE%20DE%20ZONA%203%20A.M.,JESSE JOY & GENTE DE ZONA 3 A.M.
415,Y Joy Corre,Jesse,ES,General,,https://genius.com/search?q=JESSE%20Y%20JOY%20CORRE,JESSE Y JOY CORRE
416,Y Joy La De La Mala Suerte,Jesse,ES,General,,https://genius.com/search?q=JESSE%20Y%20JOY%20LA%20DE%20LA%20MALA%20SUERTE,JESSE Y JOY LA DE LA MALA SUERTE
417,Jesulin De Ubrique Toda,,ES,General,,https://genius.com/search?q=JESULIN%20DE%20UBRIQUE%20TODA,JESULIN DE UBRIQUE TODA
418,Lucia,Joan Manuel Serrat,ES,General,,https://genius.com/search?q=JOAN%20MANUEL%20SERRAT%20LUCIA,JOAN MANUEL SERRAT LUCIA
419,Mediterráneo,Joan Manuel Serrat,ES,General,,https://genius.com/search?q=JOAN%20MANUEL%20SERRAT%20MEDITERR%C3%81NEO,JOAN MANUEL SERRAT MEDITERRÁNEO
420,No Hago Otra Cosa Que Pensar En Ti,Joan Manuel Serrat,ES,General,,https://genius.com/search?q=JOAN%20MANUEL%20SERRAT%20NO%20HAGO%20OTRA%20COSA%20QUE%20PENSAR%20EN%20TI,JOAN MANUEL SERRAT NO HAGO OTRA COSA QUE PENSAR EN TI
421,Tu Nombre Me Sabe A Hierba,Joan Manuel Serrat,ES,General,,https://genius.com/search?q=JOAN%20MANUEL%20SERRAT%20TU%20NOMBRE%20ME%20SABE%20A%20HIERBA,JOAN MANUEL SERRAT TU NOMBRE ME SABE A HIERBA
422,19 Dias Y 500 Noches,Joaquin Sabina,ES,General,,https://genius.com/search?q=JOAQUIN%20SABINA%2019%20DIAS%20Y%20500%20NOCHES,JOAQUIN SABINA 19 DIAS Y 500 NOCHES
423,69 Punto G,Joaquin Sabina,ES,General,,https://genius.com/search?q=JOAQUIN%20SABINA%2069%20PUNTO%20G,JOAQUIN SABINA 69 PUNTO G
424,El Pirata Cojo,Joaquin Sabina,ES,General,,https://genius.com/search?q=JOAQUIN%20SABINA%20EL%20PIRATA%20COJO,JOAQUIN SABINA EL PIRATA COJO
425,Juana La Loca,Joaquin Sabina,ES,General,,https://genius.com/search?q=JOAQUIN%20SABINA%20JUANA%20LA%20LOCA,JOAQUIN SABINA JUANA LA LOCA
426,La Del Pirata Cojo,Joaquin Sabina,ES,General,,https://genius.com/search?q=JOAQUIN%20SABINA%20LA%20DEL%20PIRATA%20COJO,JOAQUIN SABINA LA DEL PIRATA COJO
427,Pacto Entre Caballeros,Joaquin Sabina,ES,General,,https://genius.com/search?q=JOAQUIN%20SABINA%20PACTO%20ENTRE%20CABALLEROS,JOAQUIN SABINA PACTO ENTRE CABALLEROS
428,Y Nos Dieron Las Diez,Joaquin Sabina,ES,General,,https://genius.com/search?q=JOAQUIN%20SABINA%20Y%20NOS%20DIERON%20LAS%20DIEZ,JOAQUIN SABINA Y NOS DIERON LAS DIEZ
429,Alla En El Rancho Grande,Jorge Negrete,ES,General,,https://genius.com/search?q=JORGE%20NEGRETE%20ALLA%20EN%20EL%20RANCHO%20GRANDE,JORGE NEGRETE ALLA EN EL RANCHO GRANDE
430,Ay Jalisco No Te Rajes,Jorge Negrete,ES,General,,https://genius.com/search?q=JORGE%20NEGRETE%20AY%20JALISCO%20NO%20TE%20RAJES,JORGE NEGRETE AY JALISCO NO TE RAJES
431,Juan Charrasqueado,Jorge Negrete,ES,General,,https://genius.com/search?q=JORGE%20NEGRETE%20JUAN%20CHARRASQUEADO,JORGE NEGRETE JUAN CHARRASQUEADO
432,Mexico Lindo,Jorge Negrete,ES,General,,https://genius.com/search?q=JORGE%20NEGRETE%20MEXICO%20LINDO,JORGE NEGRETE MEXICO LINDO
433,El Frances Ya No Quiero Tu Querer,Jose,ES,General,,https://genius.com/search?q=JOSE%20EL%20FRANCES%20YA%20NO%20QUIERO%20TU%20QUERER,JOSE EL FRANCES YA NO QUIERO TU QUERER
434,Luis Perales Que Canten Los Niños,Jose,ES,General,,https://genius.com/search?q=JOSE%20LUIS%20PERALES%20QUE%20CANTEN%20LOS%20NI%C3%91OS,JOSE LUIS PERALES QUE CANTEN LOS NIÑOS
435,Luis Perales Y Cómo Es Él,Jose,ES,General,,https://genius.com/search?q=JOSE%20LUIS%20PERALES%20Y%20C%C3%93MO%20ES%20%C3%89L,JOSE LUIS PERALES Y CÓMO ES ÉL
436,Cara De Gitana,Jose Manuel Soto,ES,General,,https://genius.com/search?q=JOSE%20MANUEL%20SOTO%20CARA%20DE%20GITANA,JOSE MANUEL SOTO CARA DE GITANA
437,Dejate Querer,Jose Manuel Soto,ES,General,,https://genius.com/search?q=JOSE%20MANUEL%20SOTO%20DEJATE%20QUERER,JOSE MANUEL SOTO DEJATE QUERER
438,La Pared,Jose Manuel Soto,ES,General,,https://genius.com/search?q=JOSE%20MANUEL%20SOTO%20LA%20PARED,JOSE MANUEL SOTO LA PARED
439,Por Ella,Jose Manuel Soto,ES,General,,https://genius.com/search?q=JOSE%20MANUEL%20SOTO%20POR%20ELLA,JOSE MANUEL SOTO POR ELLA
440,Velez Vino Griego,Jose,ES,General,,https://genius.com/search?q=JOSE%20VELEZ%20VINO%20GRIEGO,JOSE VELEZ VINO GRIEGO
441,Campanera,Joselito,ES,General,,https://genius.com/search?q=JOSELITO%20CAMPANERA,JOSELITO CAMPANERA
442,Clavelitos,Joselito,ES,General,,https://genius.com/search?q=JOSELITO%20CLAVELITOS,JOSELITO CLAVELITOS
443,Doce Cascabeles,Joselito,ES,General,,https://genius.com/search?q=JOSELITO%20DOCE%20CASCABELES,JOSELITO DOCE CASCABELES
444,Luis Guerra La Bilirrubina,Juan,ES,General,,https://genius.com/search?q=JUAN%20LUIS%20GUERRA%20LA%20BILIRRUBINA,JUAN LUIS GUERRA LA BILIRRUBINA
445,Luis Guerra Ojala Que Llueva Cafe,Juan,ES,General,,https://genius.com/search?q=JUAN%20LUIS%20GUERRA%20OJALA%20QUE%20LLUEVA%20CAFE,JUAN LUIS GUERRA OJALA QUE LLUEVA CAFE
446,Ayer La Vi,Juan Magan,ES,General,,https://genius.com/search?q=JUAN%20MAGAN%20AYER%20LA%20VI,JUAN MAGAN AYER LA VI
447,Mal De Amores,Juan Magan,ES,General,,https://genius.com/search?q=JUAN%20MAGAN%20MAL%20DE%20AMORES,JUAN MAGAN MAL DE AMORES
448,& Mala Rodriguez Usted,Juan Magan,ES,General,,https://genius.com/search?q=JUAN%20MAGAN%20%26%20MALA%20RODRIGUEZ%20USTED,JUAN MAGAN & MALA RODRIGUEZ USTED
449,Bailando Por Ahí,Juan Magan,ES,General,,https://genius.com/search?q=JUAN%20MAGAN%20BAILANDO%20POR%20AH%C3%8D,JUAN MAGAN BAILANDO POR AHÍ
450,Ella No Sigue Modas,Juan Magan,ES,General,,https://genius.com/search?q=JUAN%20MAGAN%20ELLA%20NO%20SIGUE%20MODAS,JUAN MAGAN ELLA NO SIGUE MODAS
451,Paulina Rubio Y Dcs Vuelve,Juan Magan,ES,General,,https://genius.com/search?q=JUAN%20MAGAN%20PAULINA%20RUBIO%20Y%20DCS%20VUELVE,JUAN MAGAN PAULINA RUBIO Y DCS VUELVE
452,Y Belinda Te Voy A Esperar,Juan Magan,ES,General,,https://genius.com/search?q=JUAN%20MAGAN%20Y%20BELINDA%20TE%20VOY%20A%20ESPERAR,JUAN MAGAN Y BELINDA TE VOY A ESPERAR
453,Y Gente De Zona He Llorado,Juan Magan,ES,General,,https://genius.com/search?q=JUAN%20MAGAN%20Y%20GENTE%20DE%20ZONA%20HE%20LLORADO,JUAN MAGAN Y GENTE DE ZONA HE LLORADO
454,Bravo Por La Musica,Juan Pardo,ES,General,,https://genius.com/search?q=JUAN%20PARDO%20BRAVO%20POR%20LA%20MUSICA,JUAN PARDO BRAVO POR LA MUSICA
455,Caballo De Batalla,Juan Pardo,ES,General,,https://genius.com/search?q=JUAN%20PARDO%20CABALLO%20DE%20BATALLA,JUAN PARDO CABALLO DE BATALLA
456,No Me Hables,Juan Pardo,ES,General,,https://genius.com/search?q=JUAN%20PARDO%20NO%20ME%20HABLES,JUAN PARDO NO ME HABLES
457,A Dios Le Pido,Juanes,ES,General,,https://genius.com/search?q=JUANES%20A%20DIOS%20LE%20PIDO,JUANES A DIOS LE PIDO
458,Camisa Negra,Juanes,ES,General,,https://genius.com/search?q=JUANES%20CAMISA%20NEGRA,JUANES CAMISA NEGRA
459,La Camisa Negra,Juanes,ES,General,,https://genius.com/search?q=JUANES%20LA%20CAMISA%20NEGRA,JUANES LA CAMISA NEGRA
460,De Niña A Mujer,Julio Iglesias,ES,General,,https://genius.com/search?q=JULIO%20IGLESIAS%20DE%20NI%C3%91A%20A%20MUJER,JULIO IGLESIAS DE NIÑA A MUJER
461,Hey,Julio Iglesias,ES,General,,https://genius.com/search?q=JULIO%20IGLESIAS%20HEY,JULIO IGLESIAS HEY
462,"Me Va, Me Va",Julio Iglesias,ES,General,,https://genius.com/search?q=JULIO%20IGLESIAS%20ME%20VA%2C%20ME%20VA,"JULIO IGLESIAS ME VA, ME VA"
463,Por El Amor De Una Mujer,Julio Iglesias,ES,General,,https://genius.com/search?q=JULIO%20IGLESIAS%20POR%20EL%20AMOR%20DE%20UNA%20MUJER,JULIO IGLESIAS POR EL AMOR DE UNA MUJER
464,Que No Se Rompa La Noche,Julio Iglesias,ES,General,,https://genius.com/search?q=JULIO%20IGLESIAS%20QUE%20NO%20SE%20ROMPA%20LA%20NOCHE,JULIO IGLESIAS QUE NO SE ROMPA LA NOCHE
465,Quijote,Julio Iglesias,ES,General,,https://genius.com/search?q=JULIO%20IGLESIAS%20QUIJOTE,JULIO IGLESIAS QUIJOTE
466,Soy Un Truhan Soy Un Señor,Julio Iglesias,ES,General,,https://genius.com/search?q=JULIO%20IGLESIAS%20SOY%20UN%20TRUHAN%20SOY%20UN%20SE%C3%91OR,JULIO IGLESIAS SOY UN TRUHAN SOY UN SEÑOR
467,Junco Hola Mi Amor,,ES,General,,https://genius.com/search?q=JUNCO%20HOLA%20MI%20AMOR,JUNCO HOLA MI AMOR
468,Kapo Quevedo Que Bonito Te Queda El Mar,,ES,General,,https://genius.com/search?q=KAPO%20QUEVEDO%20QUE%20BONITO%20TE%20QUEDA%20EL%20MAR,KAPO QUEVEDO QUE BONITO TE QUEDA EL MAR
469,El Baul De Los Recuerdos,Karina,ES,General,,https://genius.com/search?q=KARINA%20EL%20BAUL%20DE%20LOS%20RECUERDOS,KARINA EL BAUL DE LOS RECUERDOS
470,Las Flechas,Karina,ES,General,,https://genius.com/search?q=KARINA%20LAS%20FLECHAS,KARINA LAS FLECHAS
471,Las Flechas Del Amor,Karina,ES,General,,https://genius.com/search?q=KARINA%20LAS%20FLECHAS%20DEL%20AMOR,KARINA LAS FLECHAS DEL AMOR
472,K'Cha Cha,Ketama,ES,General,,https://genius.com/search?q=KETAMA%20K%27CHA%20CHA,KETAMA K'CHA CHA
473,Loko,Ketama,ES,General,,https://genius.com/search?q=KETAMA%20LOKO,KETAMA LOKO
474,Mienteme,Ketama,ES,General,,https://genius.com/search?q=KETAMA%20MIENTEME,KETAMA MIENTEME
475,Kaoma Lambada,,ES,General,,https://genius.com/search?q=KAOMA%20LAMBADA,KAOMA LAMBADA
476,Mix Karina,Karina,ES,General,,https://genius.com/search?q=KARINA%20MIX%20KARINA,KARINA MIX KARINA
477,Karol G Nicky Minaj Tusa,,ES,General,,https://genius.com/search?q=KAROL%20G%20NICKY%20MINAJ%20TUSA,KAROL G NICKY MINAJ TUSA
478,Karol G Si Antes Te Hubiera Conocido,,ES,General,,https://genius.com/search?q=KAROL%20G%20SI%20ANTES%20TE%20HUBIERA%20CONOCIDO,KAROL G SI ANTES TE HUBIERA CONOCIDO
479,Kenny Y Los Electricos No Huyas De Mi,,ES,General,,https://genius.com/search?q=KENNY%20Y%20LOS%20ELECTRICOS%20NO%20HUYAS%20DE%20MI,KENNY Y LOS ELECTRICOS NO HUYAS DE MI
480,No Estamos Lokos,Ketama,ES,General,,https://genius.com/search?q=KETAMA%20NO%20ESTAMOS%20LOKOS,KETAMA NO ESTAMOS LOKOS
481,Rivera Asi Soy Yo,Kiko,ES,General,,https://genius.com/search?q=KIKO%20RIVERA%20ASI%20SOY%20YO,KIKO RIVERA ASI SOY YO
482,Rivera Y Dasoul Dale,Kiko,ES,General,,https://genius.com/search?q=KIKO%20RIVERA%20Y%20DASOUL%20DALE,KIKO RIVERA Y DASOUL DALE
483,Y Shara Mi Razon De Ser,Kiko,ES,General,,https://genius.com/search?q=KIKO%20Y%20SHARA%20MI%20RAZON%20DE%20SER,KIKO Y SHARA MI RAZON DE SER
484,Y Shara Puede Ser,Kiko,ES,General,,https://genius.com/search?q=KIKO%20Y%20SHARA%20PUEDE%20SER,KIKO Y SHARA PUEDE SER
485,& Esteso La Ramona,King Africa,ES,General,,https://genius.com/search?q=KING%20AFRICA%20%26%20ESTESO%20LA%20RAMONA,KING AFRICA & ESTESO LA RAMONA
486,Bomba,King Africa,ES,General,,https://genius.com/search?q=KING%20AFRICA%20BOMBA,KING AFRICA BOMBA
487,La Bomba,King Africa,ES,General,,https://genius.com/search?q=KING%20AFRICA%20LA%20BOMBA,KING AFRICA LA BOMBA
488,Paquito El Chocolatero (Con Voz),King Africa,ES,General,,https://genius.com/search?q=KING%20AFRICA%20PAQUITO%20EL%20CHOCOLATERO%20%28CON%20VOZ%29,KING AFRICA PAQUITO EL CHOCOLATERO (CON VOZ)
489,Kortatu Mierda De Ciudad,,ES,General,,https://genius.com/search?q=KORTATU%20MIERDA%20DE%20CIUDAD,KORTATU MIERDA DE CIUDAD
490,Kumbia Kings La Cucaracha,,ES,General,,https://genius.com/search?q=KUMBIA%20KINGS%20LA%20CUCARACHA,KUMBIA KINGS LA CUCARACHA
491,Cabra Mecanica No Me Llames Iluso,La,ES,General,,https://genius.com/search?q=LA%20CABRA%20MECANICA%20NO%20ME%20LLAMES%20ILUSO,LA CABRA MECANICA NO ME LLAMES ILUSO
492,Caja De Pandora Acuérdate Bien De Mi Cara,La,ES,General,,https://genius.com/search?q=LA%20CAJA%20DE%20PANDORA%20ACU%C3%89RDATE%20BIEN%20DE%20MI%20CARA,LA CAJA DE PANDORA ACUÉRDATE BIEN DE MI CARA
493,Casa De Papel Bella Ciao (Original),La,ES,General,,https://genius.com/search?q=LA%20CASA%20DE%20PAPEL%20BELLA%20CIAO%20%28ORIGINAL%29,LA CASA DE PAPEL BELLA CIAO (ORIGINAL)
494,La Decada De Los 80,La Decada Prodigiosa,ES,General,,https://genius.com/search?q=LA%20DECADA%20PRODIGIOSA%20LA%20DECADA%20DE%20LOS%2080,LA DECADA PRODIGIOSA LA DECADA DE LOS 80
495,La Fiesta Años 70,La Decada Prodigiosa,ES,General,,https://genius.com/search?q=LA%20DECADA%20PRODIGIOSA%20LA%20FIESTA%20A%C3%91OS%2070,LA DECADA PRODIGIOSA LA FIESTA AÑOS 70
496,Una Fiesta Especial,La Decada Prodigiosa,ES,General,,https://genius.com/search?q=LA%20DECADA%20PRODIGIOSA%20UNA%20FIESTA%20ESPECIAL,LA DECADA PRODIGIOSA UNA FIESTA ESPECIAL
497,El Limite,La Frontera,ES,General,,https://genius.com/search?q=LA%20FRONTERA%20EL%20LIMITE,LA FRONTERA EL LIMITE
498,Juan Antonio Cortés,La Frontera,ES,General,,https://genius.com/search?q=LA%20FRONTERA%20JUAN%20ANTONIO%20CORT%C3%89S,LA FRONTERA JUAN ANTONIO CORTÉS
499,Judas El Miserable,La Frontera,ES,General,,https://genius.com/search?q=LA%20FRONTERA%20JUDAS%20EL%20MISERABLE,LA FRONTERA JUDAS EL MISERABLE
500,Heroina,La Fuga,ES,General,,https://genius.com/search?q=LA%20FUGA%20HEROINA,LA FUGA HEROINA
501,P'Aquí P'Allá,La Fuga,ES,General,,https://genius.com/search?q=LA%20FUGA%20P%27AQU%C3%8D%20P%27ALL%C3%81,LA FUGA P'AQUÍ P'ALLÁ
502,Sueños De Papel,La Fuga,ES,General,,https://genius.com/search?q=LA%20FUGA%20SUE%C3%91OS%20DE%20PAPEL,LA FUGA SUEÑOS DE PAPEL
503,Cuando Brille El Sol,La Guardia,ES,General,,https://genius.com/search?q=LA%20GUARDIA%20CUANDO%20BRILLE%20EL%20SOL,LA GUARDIA CUANDO BRILLE EL SOL
504,El Mundo Tras El Cristal,La Guardia,ES,General,,https://genius.com/search?q=LA%20GUARDIA%20EL%20MUNDO%20TRAS%20EL%20CRISTAL,LA GUARDIA EL MUNDO TRAS EL CRISTAL
505,La Carretera,La Guardia,ES,General,,https://genius.com/search?q=LA%20GUARDIA%20LA%20CARRETERA,LA GUARDIA LA CARRETERA
506,Mil Calles Llevan Hacia Ti,La Guardia,ES,General,,https://genius.com/search?q=LA%20GUARDIA%20MIL%20CALLES%20LLEVAN%20HACIA%20TI,LA GUARDIA MIL CALLES LLEVAN HACIA TI
507,Hungara Mala Malita Mala,La,ES,General,,https://genius.com/search?q=LA%20HUNGARA%20MALA%20MALITA%20MALA,LA HUNGARA MALA MALITA MALA
508,La Love You El Fin Del Mundo,La,ES,General,,https://genius.com/search?q=LA%20LA%20LOVE%20YOU%20EL%20FIN%20DEL%20MUNDO,LA LA LOVE YOU EL FIN DEL MUNDO
509,La Love You El Principio De Algo,La,ES,General,,https://genius.com/search?q=LA%20LA%20LOVE%20YOU%20EL%20PRINCIPIO%20DE%20ALGO,LA LA LOVE YOU EL PRINCIPIO DE ALGO
510,Mosca Para No Verte Mas,La,ES,General,,https://genius.com/search?q=LA%20MOSCA%20PARA%20NO%20VERTE%20MAS,LA MOSCA PARA NO VERTE MAS
511,Van Gogh 20 De Enero,La Oreja De,ES,General,,https://genius.com/search?q=LA%20OREJA%20DE%20VAN%20GOGH%2020%20DE%20ENERO,LA OREJA DE VAN GOGH 20 DE ENERO
512,Van Gogh Jueves (Homenaje 11-M),La Oreja De,ES,General,,https://genius.com/search?q=LA%20OREJA%20DE%20VAN%20GOGH%20JUEVES%20%28HOMENAJE%2011-M%29,LA OREJA DE VAN GOGH JUEVES (HOMENAJE 11-M)
513,Van Gogh La Playa,La Oreja De,ES,General,,https://genius.com/search?q=LA%20OREJA%20DE%20VAN%20GOGH%20LA%20PLAYA,LA OREJA DE VAN GOGH LA PLAYA
514,Van Gogh La Reina Del Pop,La Oreja De,ES,General,,https://genius.com/search?q=LA%20OREJA%20DE%20VAN%20GOGH%20LA%20REINA%20DEL%20POP,LA OREJA DE VAN GOGH LA REINA DEL POP
515,Van Gogh Mariposa,La Oreja De,ES,General,,https://genius.com/search?q=LA%20OREJA%20DE%20VAN%20GOGH%20MARIPOSA,LA OREJA DE VAN GOGH MARIPOSA
516,Van Gogh Muñeca De Trapo,La Oreja De,ES,General,,https://genius.com/search?q=LA%20OREJA%20DE%20VAN%20GOGH%20MU%C3%91ECA%20DE%20TRAPO,LA OREJA DE VAN GOGH MUÑECA DE TRAPO
517,Van Gogh Pop,La Oreja De,ES,General,,https://genius.com/search?q=LA%20OREJA%20DE%20VAN%20GOGH%20POP,LA OREJA DE VAN GOGH POP
518,Caperucita Feroz,La Orquesta Mondragon,ES,General,,https://genius.com/search?q=LA%20ORQUESTA%20MONDRAGON%20CAPERUCITA%20FEROZ,LA ORQUESTA MONDRAGON CAPERUCITA FEROZ
519,Ponte La Peluca,La Orquesta Mondragon,ES,General,,https://genius.com/search?q=LA%20ORQUESTA%20MONDRAGON%20PONTE%20LA%20PELUCA,LA ORQUESTA MONDRAGON PONTE LA PELUCA
520,Viaje Con Nosotros,La Orquesta Mondragon,ES,General,,https://genius.com/search?q=LA%20ORQUESTA%20MONDRAGON%20VIAJE%20CON%20NOSOTROS,LA ORQUESTA MONDRAGON VIAJE CON NOSOTROS
521,Pegatina Llovera Y Yo Vere,La,ES,General,,https://genius.com/search?q=LA%20PEGATINA%20LLOVERA%20Y%20YO%20VERE,LA PEGATINA LLOVERA Y YO VERE
522,Daría,La Quinta Estacion,ES,General,,https://genius.com/search?q=LA%20QUINTA%20ESTACION%20DAR%C3%8DA,LA QUINTA ESTACION DARÍA
523,El Sol No Regresa,La Quinta Estacion,ES,General,,https://genius.com/search?q=LA%20QUINTA%20ESTACION%20EL%20SOL%20NO%20REGRESA,LA QUINTA ESTACION EL SOL NO REGRESA
524,La Frase Tonta De La Semana,La Quinta Estacion,ES,General,,https://genius.com/search?q=LA%20QUINTA%20ESTACION%20LA%20FRASE%20TONTA%20DE%20LA%20SEMANA,LA QUINTA ESTACION LA FRASE TONTA DE LA SEMANA
525,Raiz Entre Poetas Y Presos,La,ES,General,,https://genius.com/search?q=LA%20RAIZ%20ENTRE%20POETAS%20Y%20PRESOS,LA RAIZ ENTRE POETAS Y PRESOS
526,Raiz Nos Volveremos A Ver,La,ES,General,,https://genius.com/search?q=LA%20RAIZ%20NOS%20VOLVEREMOS%20A%20VER,LA RAIZ NOS VOLVEREMOS A VER
527,Trampa Experiencia,La,ES,General,,https://genius.com/search?q=LA%20TRAMPA%20EXPERIENCIA,LA TRAMPA EXPERIENCIA
528,Lobo Hombre En Paris,La Union,ES,General,,https://genius.com/search?q=LA%20UNION%20LOBO%20HOMBRE%20EN%20PARIS,LA UNION LOBO HOMBRE EN PARIS
529,Unión Maracaibo,La,ES,General,,https://genius.com/search?q=LA%20UNI%C3%93N%20MARACAIBO,LA UNIÓN MARACAIBO
530,Mas Y Mas,La Union,ES,General,,https://genius.com/search?q=LA%20UNION%20MAS%20Y%20MAS,LA UNION MAS Y MAS
531,Sildavia,La Union,ES,General,,https://genius.com/search?q=LA%20UNION%20SILDAVIA,LA UNION SILDAVIA
532,Lagarto Amarillo Culpable,,ES,General,,https://genius.com/search?q=LAGARTO%20AMARILLO%20CULPABLE,LAGARTO AMARILLO CULPABLE
533,Chuches Como Ronea,Las,ES,General,,https://genius.com/search?q=LAS%20CHUCHES%20COMO%20RONEA,LAS CHUCHES COMO RONEA
534,Grecas Te Estoy Amando Locamente,Las,ES,General,,https://genius.com/search?q=LAS%20GRECAS%20TE%20ESTOY%20AMANDO%20LOCAMENTE,LAS GRECAS TE ESTOY AMANDO LOCAMENTE
535,Aserejé,Las Ketchup,ES,General,,https://genius.com/search?q=LAS%20KETCHUP%20ASEREJ%C3%89,LAS KETCHUP ASEREJÉ
536,Supremas De Mostoles Eres Un Enfermo,Las,ES,General,,https://genius.com/search?q=LAS%20SUPREMAS%20DE%20MOSTOLES%20ERES%20UN%20ENFERMO,LAS SUPREMAS DE MOSTOLES ERES UN ENFERMO
537,Laura Pausini Entre Tu Y Mil Mares,,ES,General,,https://genius.com/search?q=LAURA%20PAUSINI%20ENTRE%20TU%20Y%20MIL%20MARES,LAURA PAUSINI ENTRE TU Y MIL MARES
538,Laura Pausini Se Fue,,ES,General,,https://genius.com/search?q=LAURA%20PAUSINI%20SE%20FUE,LAURA PAUSINI SE FUE
539,Lbc La Morocha,,ES,General,,https://genius.com/search?q=LBC%20LA%20MOROCHA,LBC LA MOROCHA
540,Leire Martinez Mi Nombre,,ES,General,,https://genius.com/search?q=LEIRE%20MARTINEZ%20MI%20NOMBRE,LEIRE MARTINEZ MI NOMBRE
541,Leiva Como Si Fueras A Morir Mañana,,ES,General,,https://genius.com/search?q=LEIVA%20COMO%20SI%20FUERAS%20A%20MORIR%20MA%C3%91ANA,LEIVA COMO SI FUERAS A MORIR MAÑANA
542,Leiva Terriblemente Cruel,,ES,General,,https://genius.com/search?q=LEIVA%20TERRIBLEMENTE%20CRUEL,LEIVA TERRIBLEMENTE CRUEL
543,Lemot Tu Jardin Japones,,ES,General,,https://genius.com/search?q=LEMOT%20TU%20JARDIN%20JAPONES,LEMOT TU JARDIN JAPONES
544,Beret Hamaca,Lerica,ES,General,,https://genius.com/search?q=LERICA%20BERET%20HAMACA,LERICA BERET HAMACA
545,Mar Lucas Daviles De Novelda Llorando En El Lambo,Lerica,ES,General,,https://genius.com/search?q=LERICA%20MAR%20LUCAS%20DAVILES%20DE%20NOVELDA%20LLORANDO%20EN%20EL%20LAMBO,LERICA MAR LUCAS DAVILES DE NOVELDA LLORANDO EN EL LAMBO
546,Mau Y Ricky Hijos Contigo,Lerica,ES,General,,https://genius.com/search?q=LERICA%20MAU%20Y%20RICKY%20HIJOS%20CONTIGO,LERICA MAU Y RICKY HIJOS CONTIGO
547,Lo Lobos La Bamba,,ES,General,,https://genius.com/search?q=LO%20LOBOS%20LA%20BAMBA,LO LOBOS LA BAMBA
548,Loco Mia Loco Mia,,ES,General,,https://genius.com/search?q=LOCO%20MIA%20LOCO%20MIA,LOCO MIA LOCO MIA
549,"Pena,Penita, Pena",Lola Flores,ES,General,,https://genius.com/search?q=LOLA%20FLORES%20PENA%2CPENITA%2C%20PENA,"LOLA FLORES PENA,PENITA, PENA"
550,A Tu Vera,Lola Flores,ES,General,,https://genius.com/search?q=LOLA%20FLORES%20A%20TU%20VERA,LOLA FLORES A TU VERA
551,"Ay Pena, Penita Pena",Lola Flores,ES,General,,https://genius.com/search?q=LOLA%20FLORES%20AY%20PENA%2C%20PENITA%20PENA,"LOLA FLORES AY PENA, PENITA PENA"
552,La Zarzamora,Lola Flores,ES,General,,https://genius.com/search?q=LOLA%20FLORES%20LA%20ZARZAMORA,LOLA FLORES LA ZARZAMORA
553,Lola La Piconera,Lola Flores,ES,General,,https://genius.com/search?q=LOLA%20FLORES%20LOLA%20LA%20PICONERA,LOLA FLORES LOLA LA PICONERA
554,Torbellino De Colores,Lola Flores,ES,General,,https://genius.com/search?q=LOLA%20FLORES%20TORBELLINO%20DE%20COLORES,LOLA FLORES TORBELLINO DE COLORES
555,Indigo Tini Belinda Niñade La Escuela,Lola,ES,General,,https://genius.com/search?q=LOLA%20INDIGO%20TINI%20BELINDA%20NI%C3%91ADE%20LA%20ESCUELA,LOLA INDIGO TINI BELINDA NIÑADE LA ESCUELA
556,"Lolita Sabor,Sabor",,ES,General,,https://genius.com/search?q=LOLITA%20SABOR%2CSABOR,"LOLITA SABOR,SABOR"
557,Lolita Sarandonga,,ES,General,,https://genius.com/search?q=LOLITA%20SARANDONGA,LOLITA SARANDONGA
558,Cadillac Solitario,Loquillo,ES,General,,https://genius.com/search?q=LOQUILLO%20CADILLAC%20SOLITARIO,LOQUILLO CADILLAC SOLITARIO
559,Chanel Cocaina Y Don Periñon,Loquillo,ES,General,,https://genius.com/search?q=LOQUILLO%20CHANEL%20COCAINA%20Y%20DON%20PERI%C3%91ON,LOQUILLO CHANEL COCAINA Y DON PERIÑON
560,Quiero Un Camion,Loquillo,ES,General,,https://genius.com/search?q=LOQUILLO%20QUIERO%20UN%20CAMION,LOQUILLO QUIERO UN CAMION
561,Y Los Trogloditas Ritmo De Garaje,Loquillo,ES,General,,https://genius.com/search?q=LOQUILLO%20Y%20LOS%20TROGLODITAS%20RITMO%20DE%20GARAJE,LOQUILLO Y LOS TROGLODITAS RITMO DE GARAJE
562,Besame En La Boca,Lorca,ES,General,,https://genius.com/search?q=LORCA%20BESAME%20EN%20LA%20BOCA,LORCA BESAME EN LA BOCA
563,Desde El Andamio,Lorca,ES,General,,https://genius.com/search?q=LORCA%20DESDE%20EL%20ANDAMIO,LORCA DESDE EL ANDAMIO
564,Serpiente Con Tacon,Lorca,ES,General,,https://genius.com/search?q=LORCA%20SERPIENTE%20CON%20TACON,LORCA SERPIENTE CON TACON
565,Amaya Vete,Los,ES,General,,https://genius.com/search?q=LOS%20AMAYA%20VETE,LOS AMAYA VETE
566,Bravos Black Is Black,Los,ES,General,,https://genius.com/search?q=LOS%20BRAVOS%20BLACK%20IS%20BLACK,LOS BRAVOS BLACK IS BLACK
567,Bravos Los Chicos Con Las Chicas,Los,ES,General,,https://genius.com/search?q=LOS%20BRAVOS%20LOS%20CHICOS%20CON%20LAS%20CHICAS,LOS BRAVOS LOS CHICOS CON LAS CHICAS
568,Brincos Un Sorbito De Champagne,Los,ES,General,,https://genius.com/search?q=LOS%20BRINCOS%20UN%20SORBITO%20DE%20CHAMPAGNE,LOS BRINCOS UN SORBITO DE CHAMPAGNE
569,Burros (El Ultimo De La Fila) Huesos,Los,ES,General,,https://genius.com/search?q=LOS%20BURROS%20%28EL%20ULTIMO%20DE%20LA%20FILA%29%20HUESOS,LOS BURROS (EL ULTIMO DE LA FILA) HUESOS
570,Libertad Para Ti,Los Calis,ES,General,,https://genius.com/search?q=LOS%20CALIS%20LIBERTAD%20PARA%20TI,LOS CALIS LIBERTAD PARA TI
571,No Sabia Lo Que Hacia,Los Calis,ES,General,,https://genius.com/search?q=LOS%20CALIS%20NO%20SABIA%20LO%20QUE%20HACIA,LOS CALIS NO SABIA LO QUE HACIA
572,Una Paloma Blanca,Los Calis,ES,General,,https://genius.com/search?q=LOS%20CALIS%20UNA%20PALOMA%20BLANCA,LOS CALIS UNA PALOMA BLANCA
573,Una Paloma Blanca (Rumba),Los Calis,ES,General,,https://genius.com/search?q=LOS%20CALIS%20UNA%20PALOMA%20BLANCA%20%28RUMBA%29,LOS CALIS UNA PALOMA BLANCA (RUMBA)
574,"Caños Niña, Pienso En Ti",Los,ES,General,,https://genius.com/search?q=LOS%20CA%C3%91OS%20NI%C3%91A%2C%20PIENSO%20EN%20TI,"LOS CAÑOS NIÑA, PIENSO EN TI"
575,Bailaras Con Alegria,Los Chichos,ES,General,,https://genius.com/search?q=LOS%20CHICHOS%20BAILARAS%20CON%20ALEGRIA,LOS CHICHOS BAILARAS CON ALEGRIA
576,El Vaquilla,Los Chichos,ES,General,,https://genius.com/search?q=LOS%20CHICHOS%20EL%20VAQUILLA,LOS CHICHOS EL VAQUILLA
577,Mami,Los Chichos,ES,General,,https://genius.com/search?q=LOS%20CHICHOS%20MAMI,LOS CHICHOS MAMI
578,Mix,Los Chichos,ES,General,,https://genius.com/search?q=LOS%20CHICHOS%20MIX,LOS CHICHOS MIX
579,Ni Mas Ni Menos,Los Chichos,ES,General,,https://genius.com/search?q=LOS%20CHICHOS%20NI%20MAS%20NI%20MENOS,LOS CHICHOS NI MAS NI MENOS
580,1 Los Chichos,Los Chichos Popurri,ES,General,,https://genius.com/search?q=LOS%20CHICHOS%20POPURRI%201%20LOS%20CHICHOS,LOS CHICHOS POPURRI 1 LOS CHICHOS
581,2 Los Chichos,Los Chichos Popurri,ES,General,,https://genius.com/search?q=LOS%20CHICHOS%20POPURRI%202%20LOS%20CHICHOS,LOS CHICHOS POPURRI 2 LOS CHICHOS
582,3 Los Chichos,Los Chichos Popurri,ES,General,,https://genius.com/search?q=LOS%20CHICHOS%20POPURRI%203%20LOS%20CHICHOS,LOS CHICHOS POPURRI 3 LOS CHICHOS
583,Que Cara Mas Bonita,Los Chichos,ES,General,,https://genius.com/search?q=LOS%20CHICHOS%20QUE%20CARA%20MAS%20BONITA,LOS CHICHOS QUE CARA MAS BONITA
584,Chungitos Me Quedo Contigo,Los,ES,General,,https://genius.com/search?q=LOS%20CHUNGITOS%20ME%20QUEDO%20CONTIGO,LOS CHUNGITOS ME QUEDO CONTIGO
585,Chunguitos Ay Que Dolor,Los,ES,General,,https://genius.com/search?q=LOS%20CHUNGUITOS%20AY%20QUE%20DOLOR,LOS CHUNGUITOS AY QUE DOLOR
586,Chunguitos Ay Que Dolor,Los,ES,General,,https://genius.com/search?q=LOS%20CHUNGUITOS%20AY%20QUE%20DOLOR,LOS CHUNGUITOS AY QUE DOLOR
587,Del Rio Macarena,Los,ES,General,,https://genius.com/search?q=LOS%20DEL%20RIO%20MACARENA,LOS DEL RIO MACARENA
588,Del Rio Sevilla Tiene Un Color Especial,Los,ES,General,,https://genius.com/search?q=LOS%20DEL%20RIO%20SEVILLA%20TIENE%20UN%20COLOR%20ESPECIAL,LOS DEL RIO SEVILLA TIENE UN COLOR ESPECIAL
589,Delinquentes La Primavera Trompetera,Los,ES,General,,https://genius.com/search?q=LOS%20DELINQUENTES%20LA%20PRIMAVERA%20TROMPETERA,LOS DELINQUENTES LA PRIMAVERA TROMPETERA
590,Delinquentes Palabras Mas Palabras Menos,Los,ES,General,,https://genius.com/search?q=LOS%20DELINQUENTES%20PALABRAS%20MAS%20PALABRAS%20MENOS,LOS DELINQUENTES PALABRAS MAS PALABRAS MENOS
591,Desgraciaus Los Coches Chocones,Los,ES,General,,https://genius.com/search?q=LOS%20DESGRACIAUS%20LOS%20COCHES%20CHOCONES,LOS DESGRACIAUS LOS COCHES CHOCONES
592,Diablos Un Rayo De Sol,Los,ES,General,,https://genius.com/search?q=LOS%20DIABLOS%20UN%20RAYO%20DE%20SOL,LOS DIABLOS UN RAYO DE SOL
593,Fabulosos Cadillac Matador,Los,ES,General,,https://genius.com/search?q=LOS%20FABULOSOS%20CADILLAC%20MATADOR,LOS FABULOSOS CADILLAC MATADOR
594,Galvan Y Melendi Por Eso Canto,Los,ES,General,,https://genius.com/search?q=LOS%20GALVAN%20Y%20MELENDI%20POR%20ESO%20CANTO,LOS GALVAN Y MELENDI POR ESO CANTO
595,Aqui No Hay Playa,Los Inhumanos,ES,General,,https://genius.com/search?q=LOS%20INHUMANOS%20AQUI%20NO%20HAY%20PLAYA,LOS INHUMANOS AQUI NO HAY PLAYA
596,Hacer El Amor En Un Simca 1000,Los Inhumanos,ES,General,,https://genius.com/search?q=LOS%20INHUMANOS%20HACER%20EL%20AMOR%20EN%20UN%20SIMCA%201000,LOS INHUMANOS HACER EL AMOR EN UN SIMCA 1000
597,Me Duele La Cara,Los Inhumanos,ES,General,,https://genius.com/search?q=LOS%20INHUMANOS%20ME%20DUELE%20LA%20CARA,LOS INHUMANOS ME DUELE LA CARA
598,Lobos La Bamba,Los,ES,General,,https://genius.com/search?q=LOS%20LOBOS%20LA%20BAMBA,LOS LOBOS LA BAMBA
599,Lobos La Bamba,Los,ES,General,,https://genius.com/search?q=LOS%20LOBOS%20LA%20BAMBA,LOS LOBOS LA BAMBA
600,Manolos Amigos Para Siempre,Los,ES,General,,https://genius.com/search?q=LOS%20MANOLOS%20AMIGOS%20PARA%20SIEMPRE,LOS MANOLOS AMIGOS PARA SIEMPRE
601,Moles El Novio De La Muerte Legionario,Los,ES,General,,https://genius.com/search?q=LOS%20MOLES%20EL%20NOVIO%20DE%20LA%20MUERTE%20LEGIONARIO,LOS MOLES EL NOVIO DE LA MUERTE LEGIONARIO
602,Acordes,Los Pecos,ES,General,,https://genius.com/search?q=LOS%20PECOS%20ACORDES,LOS PECOS ACORDES
603,Esperanzas,Los Pecos,ES,General,,https://genius.com/search?q=LOS%20PECOS%20ESPERANZAS,LOS PECOS ESPERANZAS
604,Háblame De Ti,Los Pecos,ES,General,,https://genius.com/search?q=LOS%20PECOS%20H%C3%81BLAME%20DE%20TI,LOS PECOS HÁBLAME DE TI
605,Señor,Los Pecos,ES,General,,https://genius.com/search?q=LOS%20PECOS%20SE%C3%91OR,LOS PECOS SEÑOR
606,Bajo La Luz De La Luna,Los Rebeldes,ES,General,,https://genius.com/search?q=LOS%20REBELDES%20BAJO%20LA%20LUZ%20DE%20LA%20LUNA,LOS REBELDES BAJO LA LUZ DE LA LUNA
607,Mediterraneo,Los Rebeldes,ES,General,,https://genius.com/search?q=LOS%20REBELDES%20MEDITERRANEO,LOS REBELDES MEDITERRANEO
608,Mescalina,Los Rebeldes,ES,General,,https://genius.com/search?q=LOS%20REBELDES%20MESCALINA,LOS REBELDES MESCALINA
609,Mescalina,Los Rebeldes,ES,General,,https://genius.com/search?q=LOS%20REBELDES%20MESCALINA,LOS REBELDES MESCALINA
610,Refrescos Aquí No Hay Playa,Los,ES,General,,https://genius.com/search?q=LOS%20REFRESCOS%20AQU%C3%8D%20NO%20HAY%20PLAYA,LOS REFRESCOS AQUÍ NO HAY PLAYA
611,La Milonga Del Marinero Y El Capitan,Los Rodriguez,ES,General,,https://genius.com/search?q=LOS%20RODRIGUEZ%20LA%20MILONGA%20DEL%20MARINERO%20Y%20EL%20CAPITAN,LOS RODRIGUEZ LA MILONGA DEL MARINERO Y EL CAPITAN
612,Palabras Mas Palabras Menos,Los Rodriguez,ES,General,,https://genius.com/search?q=LOS%20RODRIGUEZ%20PALABRAS%20MAS%20PALABRAS%20MENOS,LOS RODRIGUEZ PALABRAS MAS PALABRAS MENOS
613,Sin Documentos,Los Rodriguez,ES,General,,https://genius.com/search?q=LOS%20RODRIGUEZ%20SIN%20DOCUMENTOS,LOS RODRIGUEZ SIN DOCUMENTOS
614,Ronaldos Adios Papa,Los,ES,General,,https://genius.com/search?q=LOS%20RONALDOS%20ADIOS%20PAPA,LOS RONALDOS ADIOS PAPA
615,Agarrate A Mi Maria,Los Secretos,ES,General,,https://genius.com/search?q=LOS%20SECRETOS%20AGARRATE%20A%20MI%20MARIA,LOS SECRETOS AGARRATE A MI MARIA
616,Aunque Tu No Lo Sepas,Los Secretos,ES,General,,https://genius.com/search?q=LOS%20SECRETOS%20AUNQUE%20TU%20NO%20LO%20SEPAS,LOS SECRETOS AUNQUE TU NO LO SEPAS
617,Déjame,Los Secretos,ES,General,,https://genius.com/search?q=LOS%20SECRETOS%20D%C3%89JAME,LOS SECRETOS DÉJAME
618,Ojos De Gata,Los Secretos,ES,General,,https://genius.com/search?q=LOS%20SECRETOS%20OJOS%20DE%20GATA,LOS SECRETOS OJOS DE GATA
619,Pero A Tu Lado,Los Secretos,ES,General,,https://genius.com/search?q=LOS%20SECRETOS%20PERO%20A%20TU%20LADO,LOS SECRETOS PERO A TU LADO
620,Por La Calle Del Olvido,Los Secretos,ES,General,,https://genius.com/search?q=LOS%20SECRETOS%20POR%20LA%20CALLE%20DEL%20OLVIDO,LOS SECRETOS POR LA CALLE DEL OLVIDO
621,Suaves Dolores Se Llamaba Lola,Los,ES,General,,https://genius.com/search?q=LOS%20SUAVES%20DOLORES%20SE%20LLAMABA%20LOLA,LOS SUAVES DOLORES SE LLAMABA LOLA
622,Fonsi & Manuel Turizo Vacaciones,Luis,ES,General,,https://genius.com/search?q=LUIS%20FONSI%20%26%20MANUEL%20TURIZO%20VACACIONES,LUIS FONSI & MANUEL TURIZO VACACIONES
623,Fonsi Dadee Yankee Despacito,Luis,ES,General,,https://genius.com/search?q=LUIS%20FONSI%20DADEE%20YANKEE%20DESPACITO,LUIS FONSI DADEE YANKEE DESPACITO
624,La Bikina,Luis Miguel,ES,General,,https://genius.com/search?q=LUIS%20MIGUEL%20LA%20BIKINA,LUIS MIGUEL LA BIKINA
625,La Incondicional,Luis Miguel,ES,General,,https://genius.com/search?q=LUIS%20MIGUEL%20LA%20INCONDICIONAL,LUIS MIGUEL LA INCONDICIONAL
626,O Tu O Ninguna,Luis Miguel,ES,General,,https://genius.com/search?q=LUIS%20MIGUEL%20O%20TU%20O%20NINGUNA,LUIS MIGUEL O TU O NINGUNA
627,Si Nos Dejan,Luis Miguel,ES,General,,https://genius.com/search?q=LUIS%20MIGUEL%20SI%20NOS%20DEJAN,LUIS MIGUEL SI NOS DEJAN
628,Somos Novios,Luis Miguel,ES,General,,https://genius.com/search?q=LUIS%20MIGUEL%20SOMOS%20NOVIOS,LUIS MIGUEL SOMOS NOVIOS
629,Piensa En Mi,Luz Casal,ES,General,,https://genius.com/search?q=LUZ%20CASAL%20PIENSA%20EN%20MI,LUZ CASAL PIENSA EN MI
630,Rufino,Luz Casal,ES,General,,https://genius.com/search?q=LUZ%20CASAL%20RUFINO,LUZ CASAL RUFINO
631,Y No Me Importa Nada,Luz Casal,ES,General,,https://genius.com/search?q=LUZ%20CASAL%20Y%20NO%20ME%20IMPORTA%20NADA,LUZ CASAL Y NO ME IMPORTA NADA
632,M Clan Llamando A La Tierra,,ES,General,,https://genius.com/search?q=M%20CLAN%20LLAMANDO%20A%20LA%20TIERRA,M CLAN LLAMANDO A LA TIERRA
633,M Clan Quedate A Dormir,,ES,General,,https://genius.com/search?q=M%20CLAN%20QUEDATE%20A%20DORMIR,M CLAN QUEDATE A DORMIR
634,M-Clan Carolina,,ES,General,,https://genius.com/search?q=M-CLAN%20CAROLINA,M-CLAN CAROLINA
635,Macaco Con La Mano Levanta,,ES,General,,https://genius.com/search?q=MACACO%20CON%20LA%20MANO%20LEVANTA,MACACO CON LA MANO LEVANTA
636,Macaco Moving,,ES,General,,https://genius.com/search?q=MACACO%20MOVING,MACACO MOVING
637,Mago De Oz Fiesta Pagana,,ES,General,,https://genius.com/search?q=MAGO%20DE%20OZ%20FIESTA%20PAGANA,MAGO DE OZ FIESTA PAGANA
638,Maldita Nerea El Secreto De Las Tortugas,,ES,General,,https://genius.com/search?q=MALDITA%20NEREA%20EL%20SECRETO%20DE%20LAS%20TORTUGAS,MALDITA NEREA EL SECRETO DE LAS TORTUGAS
639,Malú Aprendiz,,ES,General,,https://genius.com/search?q=MAL%C3%9A%20APRENDIZ,MALÚ APRENDIZ
640,Malú Blanco Y Negro,,ES,General,,https://genius.com/search?q=MAL%C3%9A%20BLANCO%20Y%20NEGRO,MALÚ BLANCO Y NEGRO
641,Malu Diles,,ES,General,,https://genius.com/search?q=MALU%20DILES,MALU DILES
642,Hawai,Maluma,ES,General,,https://genius.com/search?q=MALUMA%20HAWAI,MALUMA HAWAI
643,Felices Los 4,Maluma,ES,General,,https://genius.com/search?q=MALUMA%20FELICES%20LOS%204,MALUMA FELICES LOS 4
644,Sobrio,Maluma,ES,General,,https://genius.com/search?q=MALUMA%20SOBRIO,MALUMA SOBRIO
645,Y Shakira Chantaje,Maluma,ES,General,,https://genius.com/search?q=MALUMA%20Y%20SHAKIRA%20CHANTAJE,MALUMA Y SHAKIRA CHANTAJE
646,Angel De Amor,Maná,ES,General,,https://genius.com/search?q=MAN%C3%81%20ANGEL%20DE%20AMOR,MANÁ ANGEL DE AMOR
647,Clavado En Un Bar,Maná,ES,General,,https://genius.com/search?q=MAN%C3%81%20CLAVADO%20EN%20UN%20BAR,MANÁ CLAVADO EN UN BAR
648,Mana Corazon Espinado,,ES,General,,https://genius.com/search?q=MANA%20CORAZON%20ESPINADO,MANA CORAZON ESPINADO
649,En El Muelle De San Blas,Maná,ES,General,,https://genius.com/search?q=MAN%C3%81%20EN%20EL%20MUELLE%20DE%20SAN%20BLAS,MANÁ EN EL MUELLE DE SAN BLAS
650,Labios Compartidos,Maná,ES,General,,https://genius.com/search?q=MAN%C3%81%20LABIOS%20COMPARTIDOS,MANÁ LABIOS COMPARTIDOS
651,Oye Mi Amor,Maná,ES,General,,https://genius.com/search?q=MAN%C3%81%20OYE%20MI%20AMOR,MANÁ OYE MI AMOR
652,Rayando El Sol,Maná,ES,General,,https://genius.com/search?q=MAN%C3%81%20RAYANDO%20EL%20SOL,MANÁ RAYANDO EL SOL
653,Vivir Sin Aire,Maná,ES,General,,https://genius.com/search?q=MAN%C3%81%20VIVIR%20SIN%20AIRE,MANÁ VIVIR SIN AIRE
654,Campanera,Manolo Escobar,ES,General,,https://genius.com/search?q=MANOLO%20ESCOBAR%20CAMPANERA,MANOLO ESCOBAR CAMPANERA
655,El Porompompero,Manolo Escobar,ES,General,,https://genius.com/search?q=MANOLO%20ESCOBAR%20EL%20POROMPOMPERO,MANOLO ESCOBAR EL POROMPOMPERO
656,Madrecita Maria Del Carmen,Manolo Escobar,ES,General,,https://genius.com/search?q=MANOLO%20ESCOBAR%20MADRECITA%20MARIA%20DEL%20CARMEN,MANOLO ESCOBAR MADRECITA MARIA DEL CARMEN
657,Mi Carro,Manolo Escobar,ES,General,,https://genius.com/search?q=MANOLO%20ESCOBAR%20MI%20CARRO,MANOLO ESCOBAR MI CARRO
658,Mujeres Y Vino,Manolo Escobar,ES,General,,https://genius.com/search?q=MANOLO%20ESCOBAR%20MUJERES%20Y%20VINO,MANOLO ESCOBAR MUJERES Y VINO
659,Que Bonita Es Mi Niña,Manolo Escobar,ES,General,,https://genius.com/search?q=MANOLO%20ESCOBAR%20QUE%20BONITA%20ES%20MI%20NI%C3%91A,MANOLO ESCOBAR QUE BONITA ES MI NIÑA
660,Que Viva España,Manolo Escobar,ES,General,,https://genius.com/search?q=MANOLO%20ESCOBAR%20QUE%20VIVA%20ESPA%C3%91A,MANOLO ESCOBAR QUE VIVA ESPAÑA
661,Solo Te Pido,Manolo Escobar,ES,General,,https://genius.com/search?q=MANOLO%20ESCOBAR%20SOLO%20TE%20PIDO,MANOLO ESCOBAR SOLO TE PIDO
662,Y Viva España,Manolo Escobar,ES,General,,https://genius.com/search?q=MANOLO%20ESCOBAR%20Y%20VIVA%20ESPA%C3%91A,MANOLO ESCOBAR Y VIVA ESPAÑA
663,A San Fernando,Manolo Garcia,ES,General,,https://genius.com/search?q=MANOLO%20GARCIA%20A%20SAN%20FERNANDO,MANOLO GARCIA A SAN FERNANDO
664,Como Un Burro Amarrado,Manolo Garcia,ES,General,,https://genius.com/search?q=MANOLO%20GARCIA%20COMO%20UN%20BURRO%20AMARRADO,MANOLO GARCIA COMO UN BURRO AMARRADO
665,Insurreccion,Manolo Garcia,ES,General,,https://genius.com/search?q=MANOLO%20GARCIA%20INSURRECCION,MANOLO GARCIA INSURRECCION
666,Nunca El Tiempo Es Perdido,Manolo Garcia,ES,General,,https://genius.com/search?q=MANOLO%20GARCIA%20NUNCA%20EL%20TIEMPO%20ES%20PERDIDO,MANOLO GARCIA NUNCA EL TIEMPO ES PERDIDO
667,Pajaros De Barro,Manolo Garcia,ES,General,,https://genius.com/search?q=MANOLO%20GARCIA%20PAJAROS%20DE%20BARRO,MANOLO GARCIA PAJAROS DE BARRO
668,Marilyn Monroe,Manolo Tena,ES,General,,https://genius.com/search?q=MANOLO%20TENA%20MARILYN%20MONROE,MANOLO TENA MARILYN MONROE
669,Sangre Española,Manolo Tena,ES,General,,https://genius.com/search?q=MANOLO%20TENA%20SANGRE%20ESPA%C3%91OLA,MANOLO TENA SANGRE ESPAÑOLA
670,Tocar Madera,Manolo Tena,ES,General,,https://genius.com/search?q=MANOLO%20TENA%20TOCAR%20MADERA,MANOLO TENA TOCAR MADERA
671,Manu Chao Me Gustas Tu,,ES,General,,https://genius.com/search?q=MANU%20CHAO%20ME%20GUSTAS%20TU,MANU CHAO ME GUSTAS TU
672,Fue,Manuel Carrasco,ES,General,,https://genius.com/search?q=MANUEL%20CARRASCO%20FUE,MANUEL CARRASCO FUE
673,Y Camilo Salitre,Manuel Carrasco,ES,General,,https://genius.com/search?q=MANUEL%20CARRASCO%20Y%20CAMILO%20SALITRE,MANUEL CARRASCO Y CAMILO SALITRE
674,Ya No,Manuel Carrasco,ES,General,,https://genius.com/search?q=MANUEL%20CARRASCO%20YA%20NO,MANUEL CARRASCO YA NO
675,Turizo La Bachata,Manuel,ES,General,,https://genius.com/search?q=MANUEL%20TURIZO%20LA%20BACHATA,MANUEL TURIZO LA BACHATA
676,Manzanita Verde Que Te Quiero Verde,,ES,General,,https://genius.com/search?q=MANZANITA%20VERDE%20QUE%20TE%20QUIERO%20VERDE,MANZANITA VERDE QUE TE QUIERO VERDE
677,Ahora Quien,Marc Anthony,ES,General,,https://genius.com/search?q=MARC%20ANTHONY%20AHORA%20QUIEN,MARC ANTHONY AHORA QUIEN
678,La Gozadera,Marc Anthony,ES,General,,https://genius.com/search?q=MARC%20ANTHONY%20LA%20GOZADERA,MARC ANTHONY LA GOZADERA
679,Valio La Pena,Marc Anthony,ES,General,,https://genius.com/search?q=MARC%20ANTHONY%20VALIO%20LA%20PENA,MARC ANTHONY VALIO LA PENA
680,Vivir Lo Nuestro,Marc Anthony,ES,General,,https://genius.com/search?q=MARC%20ANTHONY%20VIVIR%20LO%20NUESTRO,MARC ANTHONY VIVIR LO NUESTRO
681,Vivir Mi Vida,Marc Anthony,ES,General,,https://genius.com/search?q=MARC%20ANTHONY%20VIVIR%20MI%20VIDA,MARC ANTHONY VIVIR MI VIDA
682,Isabel Antes Muerta Que Sencilla,Maria,ES,General,,https://genius.com/search?q=MARIA%20ISABEL%20ANTES%20MUERTA%20QUE%20SENCILLA,MARIA ISABEL ANTES MUERTA QUE SENCILLA
683,Isabel No Me Toques Las Palmas Que Me Conozco,Maria,ES,General,,https://genius.com/search?q=MARIA%20ISABEL%20NO%20ME%20TOQUES%20LAS%20PALMAS%20QUE%20ME%20CONOZCO,MARIA ISABEL NO ME TOQUES LAS PALMAS QUE ME CONOZCO
684,Jesus Y Su Acordeon Pajaritos A Bailar,Maria,ES,General,,https://genius.com/search?q=MARIA%20JESUS%20Y%20SU%20ACORDEON%20PAJARITOS%20A%20BAILAR,MARIA JESUS Y SU ACORDEON PAJARITOS A BAILAR
685,Jimenez Se Acabo,Maria,ES,General,,https://genius.com/search?q=MARIA%20JIMENEZ%20SE%20ACABO,MARIA JIMENEZ SE ACABO
686,Jimenez Si Te Vas,Maria,ES,General,,https://genius.com/search?q=MARIA%20JIMENEZ%20SI%20TE%20VAS,MARIA JIMENEZ SI TE VAS
687,Marisol La Tombola,,ES,General,,https://genius.com/search?q=MARISOL%20LA%20TOMBOLA,MARISOL LA TOMBOLA
688,Baila Morena,Marlena,ES,General,,https://genius.com/search?q=MARLENA%20BAILA%20MORENA,MARLENA BAILA MORENA
689,Me Sabe Mal,Marlena,ES,General,,https://genius.com/search?q=MARLENA%20ME%20SABE%20MAL,MARLENA ME SABE MAL
690,Nadie Se Muere De Amor,Marlena,ES,General,,https://genius.com/search?q=MARLENA%20NADIE%20SE%20MUERE%20DE%20AMOR,MARLENA NADIE SE MUERE DE AMOR
691,Marta Sanchez Desesperada,,ES,General,,https://genius.com/search?q=MARTA%20SANCHEZ%20DESESPERADA,MARTA SANCHEZ DESESPERADA
692,Mary Poppins Supercalifragilisticoespialidoso,,ES,General,,https://genius.com/search?q=MARY%20POPPINS%20SUPERCALIFRAGILISTICOESPIALIDOSO,MARY POPPINS SUPERCALIFRAGILISTICOESPIALIDOSO
693,Massiel La La La,,ES,General,,https://genius.com/search?q=MASSIEL%20LA%20LA%20LA,MASSIEL LA LA LA
694,Barco A Venus,Mecano,ES,General,,https://genius.com/search?q=MECANO%20BARCO%20A%20VENUS,MECANO BARCO A VENUS
695,Cruz De Navajas,Mecano,ES,General,,https://genius.com/search?q=MECANO%20CRUZ%20DE%20NAVAJAS,MECANO CRUZ DE NAVAJAS
696,Eungenio Salvador Dalí,Mecano,ES,General,,https://genius.com/search?q=MECANO%20EUNGENIO%20SALVADOR%20DAL%C3%8D,MECANO EUNGENIO SALVADOR DALÍ
697,Hawai Bombay,Mecano,ES,General,,https://genius.com/search?q=MECANO%20HAWAI%20BOMBAY,MECANO HAWAI BOMBAY
698,Hijo De La Luna,Mecano,ES,General,,https://genius.com/search?q=MECANO%20HIJO%20DE%20LA%20LUNA,MECANO HIJO DE LA LUNA
699,Hoy No Me Puedo Levantar,Mecano,ES,General,,https://genius.com/search?q=MECANO%20HOY%20NO%20ME%20PUEDO%20LEVANTAR,MECANO HOY NO ME PUEDO LEVANTAR
700,Maquillaje,Mecano,ES,General,,https://genius.com/search?q=MECANO%20MAQUILLAJE,MECANO MAQUILLAJE
701,Me Cole En Una Fiesta,Mecano,ES,General,,https://genius.com/search?q=MECANO%20ME%20COLE%20EN%20UNA%20FIESTA,MECANO ME COLE EN UNA FIESTA
702,Mujer Contra Mujer,Mecano,ES,General,,https://genius.com/search?q=MECANO%20MUJER%20CONTRA%20MUJER,MECANO MUJER CONTRA MUJER
703,Perdido En Mi Habitacion,Mecano,ES,General,,https://genius.com/search?q=MECANO%20PERDIDO%20EN%20MI%20HABITACION,MECANO PERDIDO EN MI HABITACION
704,Un Año Mas,Mecano,ES,General,,https://genius.com/search?q=MECANO%20UN%20A%C3%91O%20MAS,MECANO UN AÑO MAS
705,Necesito Respirar,Medina Azahara,ES,General,,https://genius.com/search?q=MEDINA%20AZAHARA%20NECESITO%20RESPIRAR,MEDINA AZAHARA NECESITO RESPIRAR
706,Todo Tiene Su Fin,Medina Azahara,ES,General,,https://genius.com/search?q=MEDINA%20AZAHARA%20TODO%20TIENE%20SU%20FIN,MEDINA AZAHARA TODO TIENE SU FIN
707,Un Cuadro De Colores,Medina Azahara,ES,General,,https://genius.com/search?q=MEDINA%20AZAHARA%20UN%20CUADRO%20DE%20COLORES,MEDINA AZAHARA UN CUADRO DE COLORES
708,& Nash Destino O Casualidad,Melendi,ES,General,,https://genius.com/search?q=MELENDI%20%26%20NASH%20DESTINO%20O%20CASUALIDAD,MELENDI & NASH DESTINO O CASUALIDAD
709,Barbie De Extrarradio,Melendi,ES,General,,https://genius.com/search?q=MELENDI%20BARBIE%20DE%20EXTRARRADIO,MELENDI BARBIE DE EXTRARRADIO
710,Calle La Pantomima,Melendi,ES,General,,https://genius.com/search?q=MELENDI%20CALLE%20LA%20PANTOMIMA,MELENDI CALLE LA PANTOMIMA
711,Caminando Por La Vida,Melendi,ES,General,,https://genius.com/search?q=MELENDI%20CAMINANDO%20POR%20LA%20VIDA,MELENDI CAMINANDO POR LA VIDA
712,Cancion De Amor Caducada,Melendi,ES,General,,https://genius.com/search?q=MELENDI%20CANCION%20DE%20AMOR%20CADUCADA,MELENDI CANCION DE AMOR CADUCADA
713,Cheque Al Portamor,Melendi,ES,General,,https://genius.com/search?q=MELENDI%20CHEQUE%20AL%20PORTAMOR,MELENDI CHEQUE AL PORTAMOR
714,Con La Luna Llena,Melendi,ES,General,,https://genius.com/search?q=MELENDI%20CON%20LA%20LUNA%20LLENA,MELENDI CON LA LUNA LLENA
715,Desde Que Estamos Juntos,Melendi,ES,General,,https://genius.com/search?q=MELENDI%20DESDE%20QUE%20ESTAMOS%20JUNTOS,MELENDI DESDE QUE ESTAMOS JUNTOS
716,Lagrimas Desordenadas,Melendi,ES,General,,https://genius.com/search?q=MELENDI%20LAGRIMAS%20DESORDENADAS,MELENDI LAGRIMAS DESORDENADAS
717,Quisiera Yo Saber,Melendi,ES,General,,https://genius.com/search?q=MELENDI%20QUISIERA%20YO%20SABER,MELENDI QUISIERA YO SABER
718,Sin Noticias De Holanda,Melendi,ES,General,,https://genius.com/search?q=MELENDI%20SIN%20NOTICIAS%20DE%20HOLANDA,MELENDI SIN NOTICIAS DE HOLANDA
719,Tocado Y Hundido,Melendi,ES,General,,https://genius.com/search?q=MELENDI%20TOCADO%20Y%20HUNDIDO,MELENDI TOCADO Y HUNDIDO
720,Tu Jardin Con Enanitos,Melendi,ES,General,,https://genius.com/search?q=MELENDI%20TU%20JARDIN%20CON%20ENANITOS,MELENDI TU JARDIN CON ENANITOS
721,Un Violinista Por El Tejado,Melendi,ES,General,,https://genius.com/search?q=MELENDI%20UN%20VIOLINISTA%20POR%20EL%20TEJADO,MELENDI UN VIOLINISTA POR EL TEJADO
722,Melocos Con Melendi Estoy Enfermo,,ES,General,,https://genius.com/search?q=MELOCOS%20CON%20MELENDI%20ESTOY%20ENFERMO,MELOCOS CON MELENDI ESTOY ENFERMO
723,Melocos Y La Quinta Estacion Cuando Me Vaya,,ES,General,,https://genius.com/search?q=MELOCOS%20Y%20LA%20QUINTA%20ESTACION%20CUANDO%20ME%20VAYA,MELOCOS Y LA QUINTA ESTACION CUANDO ME VAYA
724,El Baile Del Gorila,Melody,ES,General,,https://genius.com/search?q=MELODY%20EL%20BAILE%20DEL%20GORILA,MELODY EL BAILE DEL GORILA
725,Esa Diva,Melody,ES,General,,https://genius.com/search?q=MELODY%20ESA%20DIVA,MELODY ESA DIVA
726,Merche Abre Tu Mente,,ES,General,,https://genius.com/search?q=MERCHE%20ABRE%20TU%20MENTE,MERCHE ABRE TU MENTE
727,Merche No Me Pidas Mas Amor,,ES,General,,https://genius.com/search?q=MERCHE%20NO%20ME%20PIDAS%20MAS%20AMOR,MERCHE NO ME PIDAS MAS AMOR
728,Michel Telo Ai Se U Te Pego,,ES,General,,https://genius.com/search?q=MICHEL%20TELO%20AI%20SE%20U%20TE%20PEGO,MICHEL TELO AI SE U TE PEGO
729,Micky Enseñame A Cantar,,ES,General,,https://genius.com/search?q=MICKY%20ENSE%C3%91AME%20A%20CANTAR,MICKY ENSEÑAME A CANTAR
730,Mig Bosé Y B Bosé Como Un Lobo,,ES,General,,https://genius.com/search?q=MIG%20BOS%C3%89%20Y%20B%20BOS%C3%89%20COMO%20UN%20LOBO,MIG BOSÉ Y B BOSÉ COMO UN LOBO
731,Sevilla,Miguel Bose,ES,General,,https://genius.com/search?q=MIGUEL%20BOSE%20SEVILLA,MIGUEL BOSE SEVILLA
732,Super Superman,Miguel Bose,ES,General,,https://genius.com/search?q=MIGUEL%20BOSE%20SUPER%20SUPERMAN,MIGUEL BOSE SUPER SUPERMAN
733,Te Amare,Miguel Bose,ES,General,,https://genius.com/search?q=MIGUEL%20BOSE%20TE%20AMARE,MIGUEL BOSE TE AMARE
734,Amante Bandido,Miguel Bose,ES,General,,https://genius.com/search?q=MIGUEL%20BOSE%20AMANTE%20BANDIDO,MIGUEL BOSE AMANTE BANDIDO
735,Don Diablo,Miguel Bose,ES,General,,https://genius.com/search?q=MIGUEL%20BOSE%20DON%20DIABLO,MIGUEL BOSE DON DIABLO
736,Hacer Por Hacer,Miguel Bose,ES,General,,https://genius.com/search?q=MIGUEL%20BOSE%20HACER%20POR%20HACER,MIGUEL BOSE HACER POR HACER
737,Bosé Los Chicos No Lloran,Miguel,ES,General,,https://genius.com/search?q=MIGUEL%20BOS%C3%89%20LOS%20CHICOS%20NO%20LLORAN,MIGUEL BOSÉ LOS CHICOS NO LLORAN
738,Bosé Morena Mía,Miguel,ES,General,,https://genius.com/search?q=MIGUEL%20BOS%C3%89%20MORENA%20M%C3%8DA,MIGUEL BOSÉ MORENA MÍA
739,Super Superman,Miguel Bose,ES,General,,https://genius.com/search?q=MIGUEL%20BOSE%20SUPER%20SUPERMAN,MIGUEL BOSE SUPER SUPERMAN
740,Gallardo Hoy Tengo Ganas De Ti,Miguel,ES,General,,https://genius.com/search?q=MIGUEL%20GALLARDO%20HOY%20TENGO%20GANAS%20DE%20TI,MIGUEL GALLARDO HOY TENGO GANAS DE TI
741,Nandez Amiga Soledad,Miguel,ES,General,,https://genius.com/search?q=MIGUEL%20NANDEZ%20AMIGA%20SOLEDAD,MIGUEL NANDEZ AMIGA SOLEDAD
742,Bienvenidos,Miguel Rios,ES,General,,https://genius.com/search?q=MIGUEL%20RIOS%20BIENVENIDOS,MIGUEL RIOS BIENVENIDOS
743,Año 2000,Miguel Rios,ES,General,,https://genius.com/search?q=MIGUEL%20RIOS%20A%C3%91O%202000,MIGUEL RIOS AÑO 2000
744,Banzai,Miguel Rios,ES,General,,https://genius.com/search?q=MIGUEL%20RIOS%20BANZAI,MIGUEL RIOS BANZAI
745,Blues Del Autobus,Miguel Rios El,ES,General,,https://genius.com/search?q=MIGUEL%20RIOS%20EL%20BLUES%20DEL%20AUTOBUS,MIGUEL RIOS EL BLUES DEL AUTOBUS
746,Rio,Miguel Rios El,ES,General,,https://genius.com/search?q=MIGUEL%20RIOS%20EL%20RIO,MIGUEL RIOS EL RIO
747,Rock De Una Noche De Verano,Miguel Rios El,ES,General,,https://genius.com/search?q=MIGUEL%20RIOS%20EL%20ROCK%20DE%20UNA%20NOCHE%20DE%20VERANO,MIGUEL RIOS EL ROCK DE UNA NOCHE DE VERANO
748,Santa Lucia,Miguel Rios,ES,General,,https://genius.com/search?q=MIGUEL%20RIOS%20SANTA%20LUCIA,MIGUEL RIOS SANTA LUCIA
749,Miss Cafeina Hoy Va A Ser El Dia,,ES,General,,https://genius.com/search?q=MISS%20CAFEINA%20HOY%20VA%20A%20SER%20EL%20DIA,MISS CAFEINA HOY VA A SER EL DIA
750,Miss Cafeina Que Seas Feliz,,ES,General,,https://genius.com/search?q=MISS%20CAFEINA%20QUE%20SEAS%20FELIZ,MISS CAFEINA QUE SEAS FELIZ
751,Mocedades Popurri Mocedades,,ES,General,,https://genius.com/search?q=MOCEDADES%20POPURRI%20MOCEDADES,MOCEDADES POPURRI MOCEDADES
752,De Pequeño,Modelo,ES,General,,https://genius.com/search?q=MODELO%20DE%20PEQUE%C3%91O,MODELO DE PEQUEÑO
753,Desubicao,Modelo,ES,General,,https://genius.com/search?q=MODELO%20DESUBICAO,MODELO DESUBICAO
754,No Se Pararlo,Modelo,ES,General,,https://genius.com/search?q=MODELO%20NO%20SE%20PARARLO,MODELO NO SE PARARLO
755,Todo Bien,Modelo,ES,General,,https://genius.com/search?q=MODELO%20TODO%20BIEN,MODELO TODO BIEN
756,Mojinos Escocios El Perro Chow Chow,,ES,General,,https://genius.com/search?q=MOJINOS%20ESCOCIOS%20EL%20PERRO%20CHOW%20CHOW,MOJINOS ESCOCIOS EL PERRO CHOW CHOW
757,Ámame O Déjame,Monica Naranjo,ES,General,,https://genius.com/search?q=MONICA%20NARANJO%20%C3%81MAME%20O%20D%C3%89JAME,MONICA NARANJO ÁMAME O DÉJAME
758,Desatame,Monica Naranjo,ES,General,,https://genius.com/search?q=MONICA%20NARANJO%20DESATAME,MONICA NARANJO DESATAME
759,Sobrevivire,Monica Naranjo,ES,General,,https://genius.com/search?q=MONICA%20NARANJO%20SOBREVIVIRE,MONICA NARANJO SOBREVIVIRE
760,Morat Ft Juanes Besos En Guerra,,ES,General,,https://genius.com/search?q=MORAT%20FT%20JUANES%20BESOS%20EN%20GUERRA,MORAT FT JUANES BESOS EN GUERRA
761,Nancys Rubias Me Encanta,,ES,General,,https://genius.com/search?q=NANCYS%20RUBIAS%20ME%20ENCANTA,NANCYS RUBIAS ME ENCANTA
762,Al Menos Ahora,Nek,ES,General,,https://genius.com/search?q=NEK%20AL%20MENOS%20AHORA,NEK AL MENOS AHORA
763,Laura No Esta,Nek,ES,General,,https://genius.com/search?q=NEK%20LAURA%20NO%20ESTA,NEK LAURA NO ESTA
764,Para Ti Seria,Nek,ES,General,,https://genius.com/search?q=NEK%20PARA%20TI%20SERIA,NEK PARA TI SERIA
765,Nena Daconte En Que Estrella Estará,,ES,General,,https://genius.com/search?q=NENA%20DACONTE%20EN%20QUE%20ESTRELLA%20ESTAR%C3%81,NENA DACONTE EN QUE ESTRELLA ESTARÁ
766,Nena Daconte Tenia Tanto Que Darte,,ES,General,,https://genius.com/search?q=NENA%20DACONTE%20TENIA%20TANTO%20QUE%20DARTE,NENA DACONTE TENIA TANTO QUE DARTE
767,Nicky Jam Travesuras,,ES,General,,https://genius.com/search?q=NICKY%20JAM%20TRAVESURAS,NICKY JAM TRAVESURAS
768,Moler Dani Fernandez Soldadito De Hierro,Nil,ES,General,,https://genius.com/search?q=NIL%20MOLER%20DANI%20FERNANDEZ%20SOLDADITO%20DE%20HIERRO,NIL MOLER DANI FERNANDEZ SOLDADITO DE HIERRO
769,Dos Primaveras,Nil Moliner,ES,General,,https://genius.com/search?q=NIL%20MOLINER%20DOS%20PRIMAVERAS,NIL MOLINER DOS PRIMAVERAS
770,Libertad,Nil Moliner,ES,General,,https://genius.com/search?q=NIL%20MOLINER%20LIBERTAD,NIL MOLINER LIBERTAD
771,Mi Religion,Nil Moliner,ES,General,,https://genius.com/search?q=NIL%20MOLINER%20MI%20RELIGION,NIL MOLINER MI RELIGION
772,"America, America",Nino Bravo,ES,General,,https://genius.com/search?q=NINO%20BRAVO%20AMERICA%2C%20AMERICA,"NINO BRAVO AMERICA, AMERICA"
773,Noelia,Nino Bravo,ES,General,,https://genius.com/search?q=NINO%20BRAVO%20NOELIA,NINO BRAVO NOELIA
774,Un Beso Y Una Flor,Nino Bravo,ES,General,,https://genius.com/search?q=NINO%20BRAVO%20UN%20BESO%20Y%20UNA%20FLOR,NINO BRAVO UN BESO Y UNA FLOR
775,Objetivo Birmania Los Amigos De Mis Amigas Son Mis Amigos,,ES,General,,https://genius.com/search?q=OBJETIVO%20BIRMANIA%20LOS%20AMIGOS%20DE%20MIS%20AMIGAS%20SON%20MIS%20AMIGOS,OBJETIVO BIRMANIA LOS AMIGOS DE MIS AMIGAS SON MIS AMIGOS
776,Historias De Amor,Obk,ES,General,,https://genius.com/search?q=OBK%20HISTORIAS%20DE%20AMOR,OBK HISTORIAS DE AMOR
777,De Que Me Sirve Llorar,Obk,ES,General,,https://genius.com/search?q=OBK%20DE%20QUE%20ME%20SIRVE%20LLORAR,OBK DE QUE ME SIRVE LLORAR
778,Historias De Amor,Obk,ES,General,,https://genius.com/search?q=OBK%20HISTORIAS%20DE%20AMOR,OBK HISTORIAS DE AMOR
779,Olé Olé Bailando Sin Salir De Casa,,ES,General,,https://genius.com/search?q=OL%C3%89%20OL%C3%89%20BAILANDO%20SIN%20SALIR%20DE%20CASA,OLÉ OLÉ BAILANDO SIN SALIR DE CASA
780,Ole Ole Con Solo Una Mirada,,ES,General,,https://genius.com/search?q=OLE%20OLE%20CON%20SOLO%20UNA%20MIRADA,OLE OLE CON SOLO UNA MIRADA
781,Ole Ole No Controles,,ES,General,,https://genius.com/search?q=OLE%20OLE%20NO%20CONTROLES,OLE OLE NO CONTROLES
782,La Sevillana,Omar Montes,ES,General,,https://genius.com/search?q=OMAR%20MONTES%20LA%20SEVILLANA,OMAR MONTES LA SEVILLANA
783,Farruko Patio De La Carcel,Omar Montes,ES,General,,https://genius.com/search?q=OMAR%20MONTES%20FARRUKO%20PATIO%20DE%20LA%20CARCEL,OMAR MONTES FARRUKO PATIO DE LA CARCEL
784,Y Bad Gyal Alocao,Omar Montes,ES,General,,https://genius.com/search?q=OMAR%20MONTES%20Y%20BAD%20GYAL%20ALOCAO,OMAR MONTES Y BAD GYAL ALOCAO
785,Opus Live Is Life,,ES,General,,https://genius.com/search?q=OPUS%20LIVE%20IS%20LIFE,OPUS LIVE IS LIFE
786,Original Elias & Moncho Chavea & Yotuel & C De Cama Rakata,,ES,General,,https://genius.com/search?q=ORIGINAL%20ELIAS%20%26%20MONCHO%20CHAVEA%20%26%20YOTUEL%20%26%20C%20DE%20CAMA%20RAKATA,ORIGINAL ELIAS & MONCHO CHAVEA & YOTUEL & C DE CAMA RAKATA
787,Caperucita Feroz,Orquesta Mondragón,ES,General,,https://genius.com/search?q=ORQUESTA%20MONDRAG%C3%93N%20CAPERUCITA%20FEROZ,ORQUESTA MONDRAGÓN CAPERUCITA FEROZ
788,Ellos Las Prefieren Gordas,Orquesta Mondragón,ES,General,,https://genius.com/search?q=ORQUESTA%20MONDRAG%C3%93N%20ELLOS%20LAS%20PREFIEREN%20GORDAS,ORQUESTA MONDRAGÓN ELLOS LAS PREFIEREN GORDAS
789,Viaje Con Nosotros,Orquesta Mondragón,ES,General,,https://genius.com/search?q=ORQUESTA%20MONDRAG%C3%93N%20VIAJE%20CON%20NOSOTROS,ORQUESTA MONDRAGÓN VIAJE CON NOSOTROS
790,Lopez El Mejor Momento,Pablo,ES,General,,https://genius.com/search?q=PABLO%20LOPEZ%20EL%20MEJOR%20MOMENTO,PABLO LOPEZ EL MEJOR MOMENTO
791,Lopez El Mundo,Pablo,ES,General,,https://genius.com/search?q=PABLO%20LOPEZ%20EL%20MUNDO,PABLO LOPEZ EL MUNDO
792,Perea Talon De Aquiles,Pablo,ES,General,,https://genius.com/search?q=PABLO%20PEREA%20TALON%20DE%20AQUILES,PABLO PEREA TALON DE AQUILES
793,Paloma San Basilio Juntos,,ES,General,,https://genius.com/search?q=PALOMA%20SAN%20BASILIO%20JUNTOS,PALOMA SAN BASILIO JUNTOS
794,Ni Una Sola Palabra,Paulina Rubio,ES,General,,https://genius.com/search?q=PAULINA%20RUBIO%20NI%20UNA%20SOLA%20PALABRA,PAULINA RUBIO NI UNA SOLA PALABRA
795,Y Morat Mi Nuevo Vicio,Paulina Rubio,ES,General,,https://genius.com/search?q=PAULINA%20RUBIO%20Y%20MORAT%20MI%20NUEVO%20VICIO,PAULINA RUBIO Y MORAT MI NUEVO VICIO
796,Y Yo Sigo Aquí,Paulina Rubio,ES,General,,https://genius.com/search?q=PAULINA%20RUBIO%20Y%20YO%20SIGO%20AQU%C3%8D,PAULINA RUBIO Y YO SIGO AQUÍ
797,Pedrito Fernandez La De La Mochila Azul,,ES,General,,https://genius.com/search?q=PEDRITO%20FERNANDEZ%20LA%20DE%20LA%20MOCHILA%20AZUL,PEDRITO FERNANDEZ LA DE LA MOCHILA AZUL
798,Pedro Capo & Farruko Calma,,ES,General,,https://genius.com/search?q=PEDRO%20CAPO%20%26%20FARRUKO%20CALMA,PEDRO CAPO & FARRUKO CALMA
799,Pedro Capo La Fiesta,,ES,General,,https://genius.com/search?q=PEDRO%20CAPO%20LA%20FIESTA,PEDRO CAPO LA FIESTA
800,Borriquito Como Tu,Peret,ES,General,,https://genius.com/search?q=PERET%20BORRIQUITO%20COMO%20TU,PERET BORRIQUITO COMO TU
801,Canta Y Se Feliz,Peret,ES,General,,https://genius.com/search?q=PERET%20CANTA%20Y%20SE%20FELIZ,PERET CANTA Y SE FELIZ
802,El Muerto Vivo,Peret,ES,General,,https://genius.com/search?q=PERET%20EL%20MUERTO%20VIVO,PERET EL MUERTO VIVO
803,Una Lagrima,Peret,ES,General,,https://genius.com/search?q=PERET%20UNA%20LAGRIMA,PERET UNA LAGRIMA
804,Pereza Princesas,,ES,General,,https://genius.com/search?q=PEREZA%20PRINCESAS,PEREZA PRINCESAS
805,Pignoise Melendi Estoy Enfermo,,ES,General,,https://genius.com/search?q=PIGNOISE%20MELENDI%20ESTOY%20ENFERMO,PIGNOISE MELENDI ESTOY ENFERMO
806,Pimpinela Ese Hombre,,ES,General,,https://genius.com/search?q=PIMPINELA%20ESE%20HOMBRE,PIMPINELA ESE HOMBRE
807,Pimpinela Olvídame Y Pega La Vuelta,,ES,General,,https://genius.com/search?q=PIMPINELA%20OLV%C3%8DDAME%20Y%20PEGA%20LA%20VUELTA,PIMPINELA OLVÍDAME Y PEGA LA VUELTA
808,Pinkfong Baby Shark,,ES,General,,https://genius.com/search?q=PINKFONG%20BABY%20SHARK,PINKFONG BABY SHARK
809,Pistones El Pistolero,,ES,General,,https://genius.com/search?q=PISTONES%20EL%20PISTOLERO,PISTONES EL PISTOLERO
810,Pitbull El Taxi,,ES,General,,https://genius.com/search?q=PITBULL%20EL%20TAXI,PITBULL EL TAXI
811,"Pitbull,Yandel Y Chacal Ay Mi Dios",,ES,General,,https://genius.com/search?q=PITBULL%2CYANDEL%20Y%20CHACAL%20AY%20MI%20DIOS,"PITBULL,YANDEL Y CHACAL AY MI DIOS"
812,Platero Y Tu Tras La Barra Del Bar,,ES,General,,https://genius.com/search?q=PLATERO%20Y%20TU%20TRAS%20LA%20BARRA%20DEL%20BAR,PLATERO Y TU TRAS LA BARRA DEL BAR
813,Distancia,Porta,ES,General,,https://genius.com/search?q=PORTA%20DISTANCIA,PORTA DISTANCIA
814,Estados,Porta,ES,General,,https://genius.com/search?q=PORTA%20ESTADOS,PORTA ESTADOS
815,La Bella Y La Bestia,Porta,ES,General,,https://genius.com/search?q=PORTA%20LA%20BELLA%20Y%20LA%20BESTIA,PORTA LA BELLA Y LA BESTIA
816,Presuntos Implicados Como Hemos Cambiado,,ES,General,,https://genius.com/search?q=PRESUNTOS%20IMPLICADOS%20COMO%20HEMOS%20CAMBIADO,PRESUNTOS IMPLICADOS COMO HEMOS CAMBIADO
817,Queco Tengo,,ES,General,,https://genius.com/search?q=QUECO%20TENGO,QUECO TENGO
818,Quevedo Bzrp Sesion 52 Quedate,,ES,General,,https://genius.com/search?q=QUEVEDO%20BZRP%20SESION%2052%20QUEDATE,QUEVEDO BZRP SESION 52 QUEDATE
819,Radio Futura Escuela De Calor,,ES,General,,https://genius.com/search?q=RADIO%20FUTURA%20ESCUELA%20DE%20CALOR,RADIO FUTURA ESCUELA DE CALOR
820,Radio Futura Veneno En La Piel,,ES,General,,https://genius.com/search?q=RADIO%20FUTURA%20VENENO%20EN%20LA%20PIEL,RADIO FUTURA VENENO EN LA PIEL
821,Rafaela Carra Explota Mi Corazon,,ES,General,,https://genius.com/search?q=RAFAELA%20CARRA%20EXPLOTA%20MI%20CORAZON,RAFAELA CARRA EXPLOTA MI CORAZON
822,Caliente Caliente,Rafaella Carra,ES,General,,https://genius.com/search?q=RAFAELLA%20CARRA%20CALIENTE%20CALIENTE,RAFAELLA CARRA CALIENTE CALIENTE
823,Explota Mi Corazon,Rafaella Carra,ES,General,,https://genius.com/search?q=RAFAELLA%20CARRA%20EXPLOTA%20MI%20CORAZON,RAFAELLA CARRA EXPLOTA MI CORAZON
824,Fiesta,Rafaella Carra,ES,General,,https://genius.com/search?q=RAFAELLA%20CARRA%20FIESTA,RAFAELLA CARRA FIESTA
825,Carrá Hay Que Venir Al Sur,Rafaella,ES,General,,https://genius.com/search?q=RAFAELLA%20CARR%C3%81%20HAY%20QUE%20VENIR%20AL%20SUR,RAFAELLA CARRÁ HAY QUE VENIR AL SUR
826,Mix Rafaella,Rafaella Carra,ES,General,,https://genius.com/search?q=RAFAELLA%20CARRA%20MIX%20RAFAELLA,RAFAELLA CARRA MIX RAFAELLA
827,Pedro,Rafaella Carra,ES,General,,https://genius.com/search?q=RAFAELLA%20CARRA%20PEDRO,RAFAELLA CARRA PEDRO
828,Que Dolor (Una Mujer En El Armario),Rafaella Carra,ES,General,,https://genius.com/search?q=RAFAELLA%20CARRA%20QUE%20DOLOR%20%28UNA%20MUJER%20EN%20EL%20ARMARIO%29,RAFAELLA CARRA QUE DOLOR (UNA MUJER EN EL ARMARIO)
829,Rakel Winchester El Mario De La Cannicera,,ES,General,,https://genius.com/search?q=RAKEL%20WINCHESTER%20EL%20MARIO%20DE%20LA%20CANNICERA,RAKEL WINCHESTER EL MARIO DE LA CANNICERA
830,Ramoncin Litros De Alcohol,,ES,General,,https://genius.com/search?q=RAMONCIN%20LITROS%20DE%20ALCOHOL,RAMONCIN LITROS DE ALCOHOL
831,Como Yo Te Amo,Raphael,ES,General,,https://genius.com/search?q=RAPHAEL%20COMO%20YO%20TE%20AMO,RAPHAEL COMO YO TE AMO
832,Escandalo,Raphael,ES,General,,https://genius.com/search?q=RAPHAEL%20ESCANDALO,RAPHAEL ESCANDALO
833,Mi Gran Noche,Raphael,ES,General,,https://genius.com/search?q=RAPHAEL%20MI%20GRAN%20NOCHE,RAPHAEL MI GRAN NOCHE
834,Y Como Es El,Raphael,ES,General,,https://genius.com/search?q=RAPHAEL%20Y%20COMO%20ES%20EL,RAPHAEL Y COMO ES EL
835,Raul Sueño Su Boca,,ES,General,,https://genius.com/search?q=RAUL%20SUE%C3%91O%20SU%20BOCA,RAUL SUEÑO SU BOCA
836,Rebeldes Bajo La Luz De La Luna,,ES,General,,https://genius.com/search?q=REBELDES%20BAJO%20LA%20LUZ%20DE%20LA%20LUNA,REBELDES BAJO LA LUZ DE LA LUNA
837,Revólver Si Estan Sólo Amor,,ES,General,,https://genius.com/search?q=REV%C3%93LVER%20SI%20ESTAN%20S%C3%93LO%20AMOR,REVÓLVER SI ESTAN SÓLO AMOR
838,Bomba,Ricky Martin La,ES,General,,https://genius.com/search?q=RICKY%20MARTIN%20LA%20BOMBA,RICKY MARTIN LA BOMBA
839,Copa De La Vida,Ricky Martin La,ES,General,,https://genius.com/search?q=RICKY%20MARTIN%20LA%20COPA%20DE%20LA%20VIDA,RICKY MARTIN LA COPA DE LA VIDA
840,Mordidita,Ricky Martin La,ES,General,,https://genius.com/search?q=RICKY%20MARTIN%20LA%20MORDIDITA,RICKY MARTIN LA MORDIDITA
841,Livin La Vida Loca,Ricky Martin,ES,General,,https://genius.com/search?q=RICKY%20MARTIN%20LIVIN%20LA%20VIDA%20LOCA,RICKY MARTIN LIVIN LA VIDA LOCA
842,Por Arriba Por Abajo,Ricky Martin,ES,General,,https://genius.com/search?q=RICKY%20MARTIN%20POR%20ARRIBA%20POR%20ABAJO,RICKY MARTIN POR ARRIBA POR ABAJO
843,She Bangs,Ricky Martin,ES,General,,https://genius.com/search?q=RICKY%20MARTIN%20SHE%20BANGS,RICKY MARTIN SHE BANGS
844,"Uno, Dos, Tres, María",Ricky Martin,ES,General,,https://genius.com/search?q=RICKY%20MARTIN%20UNO%2C%20DOS%2C%20TRES%2C%20MAR%C3%8DA,"RICKY MARTIN UNO, DOS, TRES, MARÍA"
845,Amigo,Roberto Carlos,ES,General,,https://genius.com/search?q=ROBERTO%20CARLOS%20AMIGO,ROBERTO CARLOS AMIGO
846,El Gato Que Está Triste Y Azul,Roberto Carlos,ES,General,,https://genius.com/search?q=ROBERTO%20CARLOS%20EL%20GATO%20QUE%20EST%C3%81%20TRISTE%20Y%20AZUL,ROBERTO CARLOS EL GATO QUE ESTÁ TRISTE Y AZUL
847,Lady Laura,Roberto Carlos,ES,General,,https://genius.com/search?q=ROBERTO%20CARLOS%20LADY%20LAURA,ROBERTO CARLOS LADY LAURA
848,"Mi Querido, Mi Viejo, Mi Amigo",Roberto Carlos,ES,General,,https://genius.com/search?q=ROBERTO%20CARLOS%20MI%20QUERIDO%2C%20MI%20VIEJO%2C%20MI%20AMIGO,"ROBERTO CARLOS MI QUERIDO, MI VIEJO, MI AMIGO"
849,Un Millón De Amigos,Roberto Carlos,ES,General,,https://genius.com/search?q=ROBERTO%20CARLOS%20UN%20MILL%C3%93N%20DE%20AMIGOS,ROBERTO CARLOS UN MILLÓN DE AMIGOS
850,Chikilicuatre El Baile Del Chikichiki,Roberto,ES,General,,https://genius.com/search?q=ROBERTO%20CHIKILICUATRE%20EL%20BAILE%20DEL%20CHIKICHIKI,ROBERTO CHIKILICUATRE EL BAILE DEL CHIKICHIKI
851,Me Gustas Mucho,Rocio Durcal,ES,General,,https://genius.com/search?q=ROCIO%20DURCAL%20ME%20GUSTAS%20MUCHO,ROCIO DURCAL ME GUSTAS MUCHO
852,Tu Querias Que Te Dejara De Querer,Rocio Durcal,ES,General,,https://genius.com/search?q=ROCIO%20DURCAL%20TU%20QUERIAS%20QUE%20TE%20DEJARA%20DE%20QUERER,ROCIO DURCAL TU QUERIAS QUE TE DEJARA DE QUERER
853,Y Joaquin Sabina Nos Dieron Las Diez,Rocio Durcal,ES,General,,https://genius.com/search?q=ROCIO%20DURCAL%20Y%20JOAQUIN%20SABINA%20NOS%20DIERON%20LAS%20DIEZ,ROCIO DURCAL Y JOAQUIN SABINA NOS DIERON LAS DIEZ
854,Yo Necesito Saber,Rocio Durcal,ES,General,,https://genius.com/search?q=ROCIO%20DURCAL%20YO%20NECESITO%20SABER,ROCIO DURCAL YO NECESITO SABER
855,Como Una Ola,Rocio Jurado,ES,General,,https://genius.com/search?q=ROCIO%20JURADO%20COMO%20UNA%20OLA,ROCIO JURADO COMO UNA OLA
856,Como Yo Te Amo,Rocio Jurado,ES,General,,https://genius.com/search?q=ROCIO%20JURADO%20COMO%20YO%20TE%20AMO,ROCIO JURADO COMO YO TE AMO
857,Dejala Correr,Rocio Jurado,ES,General,,https://genius.com/search?q=ROCIO%20JURADO%20DEJALA%20CORRER,ROCIO JURADO DEJALA CORRER
858,Se Nos Rompio El Amor,Rocio Jurado,ES,General,,https://genius.com/search?q=ROCIO%20JURADO%20SE%20NOS%20ROMPIO%20EL%20AMOR,ROCIO JURADO SE NOS ROMPIO EL AMOR
859,Señora,Rocio Jurado,ES,General,,https://genius.com/search?q=ROCIO%20JURADO%20SE%C3%91ORA,ROCIO JURADO SEÑORA
860,Romeo Santos Propuesta Indecente,,ES,General,,https://genius.com/search?q=ROMEO%20SANTOS%20PROPUESTA%20INDECENTE,ROMEO SANTOS PROPUESTA INDECENTE
861,Rosa Europe´S Living A Celebration,,ES,General,,https://genius.com/search?q=ROSA%20EUROPE%C2%B4S%20LIVING%20A%20CELEBRATION,ROSA EUROPE´S LIVING A CELEBRATION
862,Despecha,Rosalia,ES,General,,https://genius.com/search?q=ROSALIA%20DESPECHA,ROSALIA DESPECHA
863,J Balvin Con Altura,Rosalia,ES,General,,https://genius.com/search?q=ROSALIA%20J%20BALVIN%20CON%20ALTURA,ROSALIA J BALVIN CON ALTURA
864,Ozuna Yo X Ti Tu X Mi,Rosalia,ES,General,,https://genius.com/search?q=ROSALIA%20OZUNA%20YO%20X%20TI%20TU%20X%20MI,ROSALIA OZUNA YO X TI TU X MI
865,Rosana A Las Buenas Y A Las Malas,,ES,General,,https://genius.com/search?q=ROSANA%20A%20LAS%20BUENAS%20Y%20A%20LAS%20MALAS,ROSANA A LAS BUENAS Y A LAS MALAS
866,Rosana Pa Ti No Estoy,,ES,General,,https://genius.com/search?q=ROSANA%20PA%20TI%20NO%20ESTOY,ROSANA PA TI NO ESTOY
867,Al Son Del Tambor,Rosario Flores,ES,General,,https://genius.com/search?q=ROSARIO%20FLORES%20AL%20SON%20DEL%20TAMBOR,ROSARIO FLORES AL SON DEL TAMBOR
868,Mi Gato,Rosario Flores,ES,General,,https://genius.com/search?q=ROSARIO%20FLORES%20MI%20GATO,ROSARIO FLORES MI GATO
869,Sabor Sabor,Rosario Flores,ES,General,,https://genius.com/search?q=ROSARIO%20FLORES%20SABOR%20SABOR,ROSARIO FLORES SABOR SABOR
870,Sarandonga,Rosario Flores,ES,General,,https://genius.com/search?q=ROSARIO%20FLORES%20SARANDONGA,ROSARIO FLORES SARANDONGA
871,Rose Bruno Mars Apt,,ES,General,,https://genius.com/search?q=ROSE%20BRUNO%20MARS%20APT,ROSE BRUNO MARS APT
872,Agradecido,Rosendo,ES,General,,https://genius.com/search?q=ROSENDO%20AGRADECIDO,ROSENDO AGRADECIDO
873,Loco Por Incordiar,Rosendo,ES,General,,https://genius.com/search?q=ROSENDO%20LOCO%20POR%20INCORDIAR,ROSENDO LOCO POR INCORDIAR
874,Maneras De Vivir,Rosendo,ES,General,,https://genius.com/search?q=ROSENDO%20MANERAS%20DE%20VIVIR,ROSENDO MANERAS DE VIVIR
875,Contrabanda 32 Escaleras,Rulo Y La,ES,General,,https://genius.com/search?q=RULO%20Y%20LA%20CONTRABANDA%2032%20ESCALERAS,RULO Y LA CONTRABANDA 32 ESCALERAS
876,Contrabanda Confeti,Rulo Y La,ES,General,,https://genius.com/search?q=RULO%20Y%20LA%20CONTRABANDA%20CONFETI,RULO Y LA CONTRABANDA CONFETI
877,Contrabanda Mi Cenicienta,Rulo Y La,ES,General,,https://genius.com/search?q=RULO%20Y%20LA%20CONTRABANDA%20MI%20CENICIENTA,RULO Y LA CONTRABANDA MI CENICIENTA
878,Contrabanda Noviembre,Rulo Y La,ES,General,,https://genius.com/search?q=RULO%20Y%20LA%20CONTRABANDA%20NOVIEMBRE,RULO Y LA CONTRABANDA NOVIEMBRE
879,Contrabanda Verano Del 95,Rulo Y La,ES,General,,https://genius.com/search?q=RULO%20Y%20LA%20CONTRABANDA%20VERANO%20DEL%2095,RULO Y LA CONTRABANDA VERANO DEL 95
880,No Se Que Tienen Tus Ojitos,Rumba Tres,ES,General,,https://genius.com/search?q=RUMBA%20TRES%20NO%20SE%20QUE%20TIENEN%20TUS%20OJITOS,RUMBA TRES NO SE QUE TIENEN TUS OJITOS
881,1,Rumba Tres Rumbamania,ES,General,,https://genius.com/search?q=RUMBA%20TRES%20RUMBAMANIA%201,RUMBA TRES RUMBAMANIA 1
882,2,Rumba Tres Rumbamania,ES,General,,https://genius.com/search?q=RUMBA%20TRES%20RUMBAMANIA%202,RUMBA TRES RUMBAMANIA 2
883,2,Rumba Tres Rumbamania,ES,General,,https://genius.com/search?q=RUMBA%20TRES%20RUMBAMANIA%202,RUMBA TRES RUMBAMANIA 2
884,Tengo Lo Que Quiero,Rumba Tres,ES,General,,https://genius.com/search?q=RUMBA%20TRES%20TENGO%20LO%20QUE%20QUIERO,RUMBA TRES TENGO LO QUE QUIERO
885,Rumbamix Raya Real,,ES,General,,https://genius.com/search?q=RUMBAMIX%20RAYA%20REAL,RUMBAMIX RAYA REAL
886,San Luis Y Chino Y Nacho Se Acabo,,ES,General,,https://genius.com/search?q=SAN%20LUIS%20Y%20CHINO%20Y%20NACHO%20SE%20ACABO,SAN LUIS Y CHINO Y NACHO SE ACABO
887,Sebastian Yatra Manuel Turizo Beele Vagabundo,,ES,General,,https://genius.com/search?q=seBASTIAN%20YATRA%20MANUEL%20TURIZO%20BEELE%20VAGABUNDO,seBASTIAN YATRA MANUEL TURIZO BEELE VAGABUNDO
888,Tacones Rojos,Sebastian Yatra,ES,General,,https://genius.com/search?q=SEBASTIAN%20YATRA%20TACONES%20ROJOS,SEBASTIAN YATRA TACONES ROJOS
889,Traicionera,Sebastian Yatra,ES,General,,https://genius.com/search?q=SEBASTIAN%20YATRA%20TRAICIONERA,SEBASTIAN YATRA TRAICIONERA
890,Vuelve,Sebastian Yatra,ES,General,,https://genius.com/search?q=SEBASTIAN%20YATRA%20VUELVE,SEBASTIAN YATRA VUELVE
891,Seguridad Social Chiquilla,,ES,General,,https://genius.com/search?q=SEGURIDAD%20SOCIAL%20CHIQUILLA,SEGURIDAD SOCIAL CHIQUILLA
892,Seguridad Social Quiero Tener Tu Presencia,,ES,General,,https://genius.com/search?q=SEGURIDAD%20SOCIAL%20QUIERO%20TENER%20TU%20PRESENCIA,SEGURIDAD SOCIAL QUIERO TENER TU PRESENCIA
893,Ave Lucía,Sergio Dalma,ES,General,,https://genius.com/search?q=SERGIO%20DALMA%20AVE%20LUC%C3%8DA,SERGIO DALMA AVE LUCÍA
894,Bailar Pegados,Sergio Dalma,ES,General,,https://genius.com/search?q=SERGIO%20DALMA%20BAILAR%20PEGADOS,SERGIO DALMA BAILAR PEGADOS
895,Esa Chica Es Mía,Sergio Dalma,ES,General,,https://genius.com/search?q=SERGIO%20DALMA%20ESA%20CHICA%20ES%20M%C3%8DA,SERGIO DALMA ESA CHICA ES MÍA
896,Galilea,Sergio Dalma,ES,General,,https://genius.com/search?q=SERGIO%20DALMA%20GALILEA,SERGIO DALMA GALILEA
897,Sólo Para Ti,Sergio Dalma,ES,General,,https://genius.com/search?q=SERGIO%20DALMA%20S%C3%93LO%20PARA%20TI,SERGIO DALMA SÓLO PARA TI
898,Sevillana El Adios,,ES,General,,https://genius.com/search?q=SEVILLANA%20EL%20ADIOS,SEVILLANA EL ADIOS
899,Ciega Sordomuda,Shakira,ES,General,,https://genius.com/search?q=SHAKIRA%20CIEGA%20SORDOMUDA,SHAKIRA CIEGA SORDOMUDA
900,Karol G Tqg,Shakira &,ES,General,,https://genius.com/search?q=SHAKIRA%20%26%20KAROL%20G%20TQG,SHAKIRA & KAROL G TQG
901,Ozuna Monotonia,Shakira &,ES,General,,https://genius.com/search?q=SHAKIRA%20%26%20OZUNA%20MONOTONIA,SHAKIRA & OZUNA MONOTONIA
902,Raw Alejandro Te Felicito,Shakira &,ES,General,,https://genius.com/search?q=SHAKIRA%20%26%20RAW%20ALEJANDRO%20TE%20FELICITO,SHAKIRA & RAW ALEJANDRO TE FELICITO
903,Acrostico,Shakira,ES,General,,https://genius.com/search?q=SHAKIRA%20ACROSTICO,SHAKIRA ACROSTICO
904,Bzarrap Sessions 53 Pa Tipos Como Tu,Shakira,ES,General,,https://genius.com/search?q=SHAKIRA%20BZARRAP%20SESSIONS%2053%20PA%20TIPOS%20COMO%20TU,SHAKIRA BZARRAP SESSIONS 53 PA TIPOS COMO TU
905,"Ciega, Sordomuda",Shakira,ES,General,,https://genius.com/search?q=SHAKIRA%20CIEGA%2C%20SORDOMUDA,"SHAKIRA CIEGA, SORDOMUDA"
906,Dai Dai Mundial 2026,Shakira,ES,General,,https://genius.com/search?q=SHAKIRA%20DAI%20DAI%20MUNDIAL%202026,SHAKIRA DAI DAI MUNDIAL 2026
907,"Te Aviso, Te Anuncio",Shakira,ES,General,,https://genius.com/search?q=SHAKIRA%20TE%20AVISO%2C%20TE%20ANUNCIO,"SHAKIRA TE AVISO, TE ANUNCIO"
908,Te Dejo Madrid,Shakira,ES,General,,https://genius.com/search?q=SHAKIRA%20TE%20DEJO%20MADRID,SHAKIRA TE DEJO MADRID
909,Waka Waka,Shakira,ES,General,,https://genius.com/search?q=SHAKIRA%20WAKA%20WAKA,SHAKIRA WAKA WAKA
910,Esa Estrella,Siloe,ES,General,,https://genius.com/search?q=SILOE%20ESA%20ESTRELLA,SILOE ESA ESTRELLA
911,Regu,Siloe,ES,General,,https://genius.com/search?q=SILOE%20REGU,SILOE REGU
912,Si Me Necesitas Llamame,Siloe,ES,General,,https://genius.com/search?q=SILOE%20SI%20ME%20NECESITAS%20LLAMAME,SILOE SI ME NECESITAS LLAMAME
913,Todos Los Besos,Siloe,ES,General,,https://genius.com/search?q=SILOE%20TODOS%20LOS%20BESOS,SILOE TODOS LOS BESOS
914,Ska P Cannabis,,ES,General,,https://genius.com/search?q=SKA%20P%20CANNABIS,SKA P CANNABIS
915,Ska P El Vals Del Obrero,,ES,General,,https://genius.com/search?q=SKA%20P%20EL%20VALS%20DEL%20OBRERO,SKA P EL VALS DEL OBRERO
916,Sonia Y Selena Yo Quiero Bailar,,ES,General,,https://genius.com/search?q=SONIA%20Y%20SELENA%20YO%20QUIERO%20BAILAR,SONIA Y SELENA YO QUIERO BAILAR
917,Taburete Roto Y Elegante,,ES,General,,https://genius.com/search?q=TABURETE%20ROTO%20Y%20ELEGANTE,TABURETE ROTO Y ELEGANTE
918,Taburete Sirenas,,ES,General,,https://genius.com/search?q=TABURETE%20SIRENAS,TABURETE SIRENAS
919,Espaldas Mojadas,Tam Tam Go,ES,General,,https://genius.com/search?q=TAM%20TAM%20GO%20ESPALDAS%20MOJADAS,TAM TAM GO ESPALDAS MOJADAS
920,Manuel Raquel,Tam Tam Go,ES,General,,https://genius.com/search?q=TAM%20TAM%20GO%20MANUEL%20RAQUEL,TAM TAM GO MANUEL RAQUEL
921,Piel Sobre Piel,Tam Tam Go,ES,General,,https://genius.com/search?q=TAM%20TAM%20GO%20PIEL%20SOBRE%20PIEL,TAM TAM GO PIEL SOBRE PIEL
922,Tangana Y Omar Montes Una Y Mil Veces,,ES,General,,https://genius.com/search?q=TANGANA%20Y%20OMAR%20MONTES%20UNA%20Y%20MIL%20VECES,TANGANA Y OMAR MONTES UNA Y MIL VECES
923,Deten El Tiempo,Taxi,ES,General,,https://genius.com/search?q=TAXI%20DETEN%20EL%20TIEMPO,TAXI DETEN EL TIEMPO
924,En Mi Coche,Taxi,ES,General,,https://genius.com/search?q=TAXI%20EN%20MI%20COCHE,TAXI EN MI COCHE
925,Grita,Taxi,ES,General,,https://genius.com/search?q=TAXI%20GRITA,TAXI GRITA
926,Tu Oportunidad,Taxi,ES,General,,https://genius.com/search?q=TAXI%20TU%20OPORTUNIDAD,TAXI TU OPORTUNIDAD
927,Tennessee Te Vi Correr,,ES,General,,https://genius.com/search?q=TENNESSEE%20TE%20VI%20CORRER,TENNESSEE TE VI CORRER
928,Dime Que Me Quieres,Tequila,ES,General,,https://genius.com/search?q=TEQUILA%20DIME%20QUE%20ME%20QUIERES,TEQUILA DIME QUE ME QUIERES
929,Quiero Besarte,Tequila,ES,General,,https://genius.com/search?q=TEQUILA%20QUIERO%20BESARTE,TEQUILA QUIERO BESARTE
930,Rock And Roll En La Plaza Del Pueblo,Tequila,ES,General,,https://genius.com/search?q=TEQUILA%20ROCK%20AND%20ROLL%20EN%20LA%20PLAZA%20DEL%20PUEBLO,TEQUILA ROCK AND ROLL EN LA PLAZA DEL PUEBLO
931,Salta,Tequila,ES,General,,https://genius.com/search?q=TEQUILA%20SALTA,TEQUILA SALTA
932,Thalia Arrasando,,ES,General,,https://genius.com/search?q=THALIA%20ARRASANDO,THALIA ARRASANDO
933,Tijeritas Del Sur De Cataluña,,ES,General,,https://genius.com/search?q=TIJERITAS%20DEL%20SUR%20DE%20CATALU%C3%91A,TIJERITAS DEL SUR DE CATALUÑA
934,Tijeritas Garabi Garabi,,ES,General,,https://genius.com/search?q=TIJERITAS%20GARABI%20GARABI,TIJERITAS GARABI GARABI
935,Tino Casal Eloise,,ES,General,,https://genius.com/search?q=TINO%20CASAL%20ELOISE,TINO CASAL ELOISE
936,Tino Casal Embrujada,,ES,General,,https://genius.com/search?q=TINO%20CASAL%20EMBRUJADA,TINO CASAL EMBRUJADA
937,Toreros Muertos Mi Aguita Amarilla,,ES,General,,https://genius.com/search?q=TOREROS%20MUERTOS%20MI%20AGUITA%20AMARILLA,TOREROS MUERTOS MI AGUITA AMARILLA
938,Toreros Muertos Yo No Me Llamo Javier,,ES,General,,https://genius.com/search?q=TOREROS%20MUERTOS%20YO%20NO%20ME%20LLAMO%20JAVIER,TOREROS MUERTOS YO NO ME LLAMO JAVIER
939,Uberto Tozzi Gloria,,ES,General,,https://genius.com/search?q=UBERTO%20TOZZI%20GLORIA,UBERTO TOZZI GLORIA
940,Hasta El Fondo,Ultraligera,ES,General,,https://genius.com/search?q=ULTRALIGERA%20HASTA%20EL%20FONDO,ULTRALIGERA HASTA EL FONDO
941,La Basura,Ultraligera,ES,General,,https://genius.com/search?q=ULTRALIGERA%20LA%20BASURA,ULTRALIGERA LA BASURA
942,Lapsus,Ultraligera,ES,General,,https://genius.com/search?q=ULTRALIGERA%20LAPSUS,ULTRALIGERA LAPSUS
943,Matanza En El Hotel,Ultraligera,ES,General,,https://genius.com/search?q=ULTRALIGERA%20MATANZA%20EN%20EL%20HOTEL,ULTRALIGERA MATANZA EN EL HOTEL
944,Me Miras Mal,Ultraligera,ES,General,,https://genius.com/search?q=ULTRALIGERA%20ME%20MIRAS%20MAL,ULTRALIGERA ME MIRAS MAL
945,Recuerdos Del Baile,Ultraligera,ES,General,,https://genius.com/search?q=ULTRALIGERA%20RECUERDOS%20DEL%20BAILE,ULTRALIGERA RECUERDOS DEL BAILE
946,Tu No Lo Ves,Ultraligera,ES,General,,https://genius.com/search?q=ULTRALIGERA%20TU%20NO%20LO%20VES,ULTRALIGERA TU NO LO VES
947,Vicco Nochentera,,ES,General,,https://genius.com/search?q=VICCO%20NOCHENTERA,VICCO NOCHENTERA
948,Asturias,Victor Manuel,ES,General,,https://genius.com/search?q=VICTOR%20MANUEL%20ASTURIAS,VICTOR MANUEL ASTURIAS
949,Solo Pienso En Ti,Victor Manuel,ES,General,,https://genius.com/search?q=VICTOR%20MANUEL%20SOLO%20PIENSO%20EN%20TI,VICTOR MANUEL SOLO PIENSO EN TI
950,Sube Al Desvan,Victor Manuel,ES,General,,https://genius.com/search?q=VICTOR%20MANUEL%20SUBE%20AL%20DESVAN,VICTOR MANUEL SUBE AL DESVAN
951,Y Ana Belen Contaminame,Victor Manuel,ES,General,,https://genius.com/search?q=VICTOR%20MANUEL%20Y%20ANA%20BELEN%20CONTAMINAME,VICTOR MANUEL Y ANA BELEN CONTAMINAME
952,Walls Dani Fernandez Vulnerable,,ES,General,,https://genius.com/search?q=WALLS%20DANI%20FERNANDEZ%20VULNERABLE,WALLS DANI FERNANDEZ VULNERABLE
953,El Show De Xuxa,Xuxa,ES,General,,https://genius.com/search?q=XUXA%20EL%20SHOW%20DE%20XUXA,XUXA EL SHOW DE XUXA
954,Ilarie,Xuxa,ES,General,,https://genius.com/search?q=XUXA%20ILARIE,XUXA ILARIE
955,Yandel Pitbull Y Chacal Ay Mi Dios,,ES,General,,https://genius.com/search?q=YANDEL%20PITBULL%20Y%20CHACAL%20AY%20MI%20DIOS,YANDEL PITBULL Y CHACAL AY MI DIOS
956,Zapato Veloz El Tractor Amarillo,,ES,General,,https://genius.com/search?q=ZAPATO%20VELOZ%20EL%20TRACTOR%20AMARILLO,ZAPATO VELOZ EL TRACTOR AMARILLO
957,Zzoilo Aitana Mon Amour,,ES,General,,https://genius.com/search?q=ZZOILO%20AITANA%20MON%20AMOUR,ZZOILO AITANA MON AMOUR
958,3+2 El Baile De La Ola,,ES,Infantil,,https://genius.com/search?q=3%2B2%20EL%20BAILE%20DE%20LA%20OLA,3+2 EL BAILE DE LA OLA
959,3+2 El Rama Lama,,ES,Infantil,,https://genius.com/search?q=3%2B2%20EL%20RAMA%20LAMA,3+2 EL RAMA LAMA
960,Aladino Un Mundo Ideal,,ES,Infantil,,https://genius.com/search?q=ALADINO%20UN%20MUNDO%20IDEAL,ALADINO UN MUNDO IDEAL
961,Alladin 2019 Un Genio Genial,,ES,Infantil,,https://genius.com/search?q=ALLADIN%202019%20UN%20GENIO%20GENIAL,ALLADIN 2019 UN GENIO GENIAL
962,José Te Traigo Flores,Antonio,ES,Infantil,,https://genius.com/search?q=ANTONIO%20JOS%C3%89%20TE%20TRAIGO%20FLORES,ANTONIO JOSÉ TE TRAIGO FLORES
963,Bomgo Botrako Todos Los Dias Sale El Sol,,ES,Infantil,,https://genius.com/search?q=BOMGO%20BOTRAKO%20TODOS%20LOS%20DIAS%20SALE%20EL%20SOL,BOMGO BOTRAKO TODOS LOS DIAS SALE EL SOL
964,A La Selección Vivimos La Selección,Cancion,ES,Infantil,,https://genius.com/search?q=CANCION%20A%20LA%20SELECCI%C3%93N%20VIVIMOS%20LA%20SELECCI%C3%93N,CANCION A LA SELECCIÓN VIVIMOS LA SELECCIÓN
965,Chu Chu Ua,Cancion Infantil,ES,Infantil,,https://genius.com/search?q=CANCION%20INFANTIL%20CHU%20CHU%20UA,CANCION INFANTIL CHU CHU UA
966,El Gallo,Cancion Infantil,ES,Infantil,,https://genius.com/search?q=CANCION%20INFANTIL%20EL%20GALLO,CANCION INFANTIL EL GALLO
967,La Gallina Turuleta,Cancion Infantil,ES,Infantil,,https://genius.com/search?q=CANCION%20INFANTIL%20LA%20GALLINA%20TURULETA,CANCION INFANTIL LA GALLINA TURULETA
968,La Vaca Lechera,Cancion Infantil,ES,Infantil,,https://genius.com/search?q=CANCION%20INFANTIL%20LA%20VACA%20LECHERA,CANCION INFANTIL LA VACA LECHERA
969,Mi Barba Tiene Tres Pelos,Cancion Infantil,ES,Infantil,,https://genius.com/search?q=CANCION%20INFANTIL%20MI%20BARBA%20TIENE%20TRES%20PELOS,CANCION INFANTIL MI BARBA TIENE TRES PELOS
970,Soy Una Taza,Cancion Infantil,ES,Infantil,,https://genius.com/search?q=CANCION%20INFANTIL%20SOY%20UNA%20TAZA,CANCION INFANTIL SOY UNA TAZA
971,Susanita,Cancion Infantil,ES,Infantil,,https://genius.com/search?q=CANCION%20INFANTIL%20SUSANITA,CANCION INFANTIL SUSANITA
972,A Mi Burro,Cantajuegos,ES,Infantil,,https://genius.com/search?q=CANTAJUEGOS%20A%20MI%20BURRO,CANTAJUEGOS A MI BURRO
973,Abuelito Dime Tu,Cantajuegos,ES,Infantil,,https://genius.com/search?q=CANTAJUEGOS%20ABUELITO%20DIME%20TU,CANTAJUEGOS ABUELITO DIME TU
974,Ahi Viene Mama Pato,Cantajuegos,ES,Infantil,,https://genius.com/search?q=CANTAJUEGOS%20AHI%20VIENE%20MAMA%20PATO,CANTAJUEGOS AHI VIENE MAMA PATO
975,Al Corro De La Patata,Cantajuegos,ES,Infantil,,https://genius.com/search?q=CANTAJUEGOS%20AL%20CORRO%20DE%20LA%20PATATA,CANTAJUEGOS AL CORRO DE LA PATATA
976,Anton Pirulero (Remix),Cantajuegos,ES,Infantil,,https://genius.com/search?q=CANTAJUEGOS%20ANTON%20PIRULERO%20%28REMIX%29,CANTAJUEGOS ANTON PIRULERO (REMIX)
977,Arramsamsam,Cantajuegos,ES,Infantil,,https://genius.com/search?q=CANTAJUEGOS%20ARRAMSAMSAM,CANTAJUEGOS ARRAMSAMSAM
978,Chuchuwa,Cantajuegos,ES,Infantil,,https://genius.com/search?q=CANTAJUEGOS%20CHUCHUWA,CANTAJUEGOS CHUCHUWA
979,Cinco Lobitos - Palmas Palmitas,Cantajuegos,ES,Infantil,,https://genius.com/search?q=CANTAJUEGOS%20CINCO%20LOBITOS%20-%20PALMAS%20PALMITAS,CANTAJUEGOS CINCO LOBITOS - PALMAS PALMITAS
980,Como Me Pica La Nariz,Cantajuegos,ES,Infantil,,https://genius.com/search?q=CANTAJUEGOS%20COMO%20ME%20PICA%20LA%20NARIZ,CANTAJUEGOS COMO ME PICA LA NARIZ
981,De Los Pajaritos,Cantajuegos El Baile,ES,Infantil,,https://genius.com/search?q=CANTAJUEGOS%20EL%20BAILE%20DE%20LOS%20PAJARITOS,CANTAJUEGOS EL BAILE DE LOS PAJARITOS
982,Del Gorila,Cantajuegos El Baile,ES,Infantil,,https://genius.com/search?q=CANTAJUEGOS%20EL%20BAILE%20DEL%20GORILA,CANTAJUEGOS EL BAILE DEL GORILA
983,Del Hula Hoop,Cantajuegos El Baile,ES,Infantil,,https://genius.com/search?q=CANTAJUEGOS%20EL%20BAILE%20DEL%20HULA%20HOOP,CANTAJUEGOS EL BAILE DEL HULA HOOP
984,Barquito Chiqutito,Cantajuegos El,ES,Infantil,,https://genius.com/search?q=CANTAJUEGOS%20EL%20BARQUITO%20CHIQUTITO,CANTAJUEGOS EL BARQUITO CHIQUTITO
985,Boton De Martin,Cantajuegos El,ES,Infantil,,https://genius.com/search?q=CANTAJUEGOS%20EL%20BOTON%20DE%20MARTIN,CANTAJUEGOS EL BOTON DE MARTIN
986,Patio De Mi Casa,Cantajuegos El,ES,Infantil,,https://genius.com/search?q=CANTAJUEGOS%20EL%20PATIO%20DE%20MI%20CASA,CANTAJUEGOS EL PATIO DE MI CASA
987,Payaso Tallarin,Cantajuegos El,ES,Infantil,,https://genius.com/search?q=CANTAJUEGOS%20EL%20PAYASO%20TALLARIN,CANTAJUEGOS EL PAYASO TALLARIN
988,Estaba El Señor Don Gato,Cantajuegos,ES,Infantil,,https://genius.com/search?q=CANTAJUEGOS%20ESTABA%20EL%20SE%C3%91OR%20DON%20GATO,CANTAJUEGOS ESTABA EL SEÑOR DON GATO
989,Estrellita Donde Estas,Cantajuegos,ES,Infantil,,https://genius.com/search?q=CANTAJUEGOS%20ESTRELLITA%20DONDE%20ESTAS,CANTAJUEGOS ESTRELLITA DONDE ESTAS
990,Let'S Twist Again,Cantajuegos,ES,Infantil,,https://genius.com/search?q=CANTAJUEGOS%20LET%27S%20TWIST%20AGAIN,CANTAJUEGOS LET'S TWIST AGAIN
991,Limbo Rock,Cantajuegos,ES,Infantil,,https://genius.com/search?q=CANTAJUEGOS%20LIMBO%20ROCK,CANTAJUEGOS LIMBO ROCK
992,Soy Una Taza,Cantajuegos,ES,Infantil,,https://genius.com/search?q=CANTAJUEGOS%20SOY%20UNA%20TAZA,CANTAJUEGOS SOY UNA TAZA
993,Supercalifragilisticoespialidos O,Cantajuegos,ES,Infantil,,https://genius.com/search?q=CANTAJUEGOS%20SUPERCALIFRAGILISTICOESPIALIDOS%20O,CANTAJUEGOS SUPERCALIFRAGILISTICOESPIALIDOS O
994,Tachin Y Su Hermanito,Cantajuegos,ES,Infantil,,https://genius.com/search?q=CANTAJUEGOS%20TACHIN%20Y%20SU%20HERMANITO,CANTAJUEGOS TACHIN Y SU HERMANITO
995,Te Extiendo Mi Mano,Cantajuegos,ES,Infantil,,https://genius.com/search?q=CANTAJUEGOS%20TE%20EXTIENDO%20MI%20MANO,CANTAJUEGOS TE EXTIENDO MI MANO
996,Tengo Una Muñeca Vestida De Azul,Cantajuegos,ES,Infantil,,https://genius.com/search?q=CANTAJUEGOS%20TENGO%20UNA%20MU%C3%91ECA%20VESTIDA%20DE%20AZUL,CANTAJUEGOS TENGO UNA MUÑECA VESTIDA DE AZUL
997,Tengo Una Vaca Echera,Cantajuegos,ES,Infantil,,https://genius.com/search?q=CANTAJUEGOS%20TENGO%20UNA%20VACA%20ECHERA,CANTAJUEGOS TENGO UNA VACA ECHERA
998,Toca Que Te Toca,Cantajuegos,ES,Infantil,,https://genius.com/search?q=CANTAJUEGOS%20TOCA%20QUE%20TE%20TOCA,CANTAJUEGOS TOCA QUE TE TOCA
999,Todo El Mundo En Esta Fiesta,Cantajuegos,ES,Infantil,,https://genius.com/search?q=CANTAJUEGOS%20TODO%20EL%20MUNDO%20EN%20ESTA%20FIESTA,CANTAJUEGOS TODO EL MUNDO EN ESTA FIESTA
1000,Twist And Shout,Cantajuegos,ES,Infantil,,https://genius.com/search?q=CANTAJUEGOS%20TWIST%20AND%20SHOUT,CANTAJUEGOS TWIST AND SHOUT
1001,Barquito De Cascara De Nuez,Cantajuegos Un,ES,Infantil,,https://genius.com/search?q=CANTAJUEGOS%20UN%20BARQUITO%20DE%20CASCARA%20DE%20NUEZ,CANTAJUEGOS UN BARQUITO DE CASCARA DE NUEZ
1002,Cumpleaños Genial,Cantajuegos Un,ES,Infantil,,https://genius.com/search?q=CANTAJUEGOS%20UN%20CUMPLEA%C3%91OS%20GENIAL,CANTAJUEGOS UN CUMPLEAÑOS GENIAL
1003,Elefante Se Columpiaba,Cantajuegos Un,ES,Infantil,,https://genius.com/search?q=CANTAJUEGOS%20UN%20ELEFANTE%20SE%20COLUMPIABA,CANTAJUEGOS UN ELEFANTE SE COLUMPIABA
1004,Una Mosca Viene Volando,Cantajuegos,ES,Infantil,,https://genius.com/search?q=CANTAJUEGOS%20UNA%20MOSCA%20VIENE%20VOLANDO,CANTAJUEGOS UNA MOSCA VIENE VOLANDO
1005,Una Sardina,Cantajuegos,ES,Infantil,,https://genius.com/search?q=CANTAJUEGOS%20UNA%20SARDINA,CANTAJUEGOS UNA SARDINA
1006,"Uno, Dos Y Tres",Cantajuegos,ES,Infantil,,https://genius.com/search?q=CANTAJUEGOS%20UNO%2C%20DOS%20Y%20TRES,"CANTAJUEGOS UNO, DOS Y TRES"
1007,Vamos A Contar Mentiras,Cantajuegos,ES,Infantil,,https://genius.com/search?q=CANTAJUEGOS%20VAMOS%20A%20CONTAR%20MENTIRAS,CANTAJUEGOS VAMOS A CONTAR MENTIRAS
1008,Verano,Cantajuegos,ES,Infantil,,https://genius.com/search?q=CANTAJUEGOS%20VERANO,CANTAJUEGOS VERANO
1009,Volver A Clase,Cantajuegos,ES,Infantil,,https://genius.com/search?q=CANTAJUEGOS%20VOLVER%20A%20CLASE,CANTAJUEGOS VOLVER A CLASE
1010,Vuela La Luna,Cantajuegos,ES,Infantil,,https://genius.com/search?q=CANTAJUEGOS%20VUELA%20LA%20LUNA,CANTAJUEGOS VUELA LA LUNA
1011,Witch Doctor,Cantajuegos,ES,Infantil,,https://genius.com/search?q=CANTAJUEGOS%20WITCH%20DOCTOR,CANTAJUEGOS WITCH DOCTOR
1012,Me Muevo Hacia Adelante,Cantajuegos Yo,ES,Infantil,,https://genius.com/search?q=CANTAJUEGOS%20YO%20ME%20MUEVO%20HACIA%20ADELANTE,CANTAJUEGOS YO ME MUEVO HACIA ADELANTE
1013,Nunca Vi,Cantajuegos Yo,ES,Infantil,,https://genius.com/search?q=CANTAJUEGOS%20YO%20NUNCA%20VI,CANTAJUEGOS YO NUNCA VI
1014,Tengo Derecho A Jugar,Cantajuegos Yo,ES,Infantil,,https://genius.com/search?q=CANTAJUEGOS%20YO%20TENGO%20DERECHO%20A%20JUGAR,CANTAJUEGOS YO TENGO DERECHO A JUGAR
1015,Tengo Una Casita,Cantajuegos Yo,ES,Infantil,,https://genius.com/search?q=CANTAJUEGOS%20YO%20TENGO%20UNA%20CASITA,CANTAJUEGOS YO TENGO UNA CASITA
1016,Carmen Lopez Hazme Un Muñeco De Nieve (Frozen),,ES,Infantil,,https://genius.com/search?q=CARMEN%20LOPEZ%20HAZME%20UN%20MU%C3%91ECO%20DE%20NIEVE%20%28FROZEN%29,CARMEN LOPEZ HAZME UN MUÑECO DE NIEVE (FROZEN)
1017,Chikilicuatre El Baile Del Chikichiki,,ES,Infantil,,https://genius.com/search?q=CHIKILICUATRE%20EL%20BAILE%20DEL%20CHIKICHIKI,CHIKILICUATRE EL BAILE DEL CHIKICHIKI
1018,Chocolate Mayonesa,,ES,Infantil,,https://genius.com/search?q=CHOCOLATE%20MAYONESA,CHOCOLATE MAYONESA
1019,Coco La Llorona,,ES,Infantil,,https://genius.com/search?q=COCO%20LA%20LLORONA,COCO LA LLORONA
1020,Coco Un Poco Loco,,ES,Infantil,,https://genius.com/search?q=COCO%20UN%20POCO%20LOCO,COCO UN POCO LOCO
1021,Ay Ho - Ay Ho,Disney,ES,Infantil,,https://genius.com/search?q=DISNEY%20AY%20HO%20-%20AY%20HO,DISNEY AY HO - AY HO
1022,Jorobado De Notre Dame Sueña,Disney El,ES,Infantil,,https://genius.com/search?q=DISNEY%20EL%20JOROBADO%20DE%20NOTRE%20DAME%20SUE%C3%91A,DISNEY EL JOROBADO DE NOTRE DAME SUEÑA
1023,Libro De La Selva Busca Lo Mas Vital,Disney El,ES,Infantil,,https://genius.com/search?q=DISNEY%20EL%20LIBRO%20DE%20LA%20SELVA%20BUSCA%20LO%20MAS%20VITAL,DISNEY EL LIBRO DE LA SELVA BUSCA LO MAS VITAL
1024,Libro De La Selva Quiero Ser Como Tu,Disney El,ES,Infantil,,https://genius.com/search?q=DISNEY%20EL%20LIBRO%20DE%20LA%20SELVA%20QUIERO%20SER%20COMO%20TU,DISNEY EL LIBRO DE LA SELVA QUIERO SER COMO TU
1025,Rey Leon El Ciclo De La Vida,Disney El,ES,Infantil,,https://genius.com/search?q=DISNEY%20EL%20REY%20LEON%20EL%20CICLO%20DE%20LA%20VIDA,DISNEY EL REY LEON EL CICLO DE LA VIDA
1026,Hercules Cancion De Meg,Disney,ES,Infantil,,https://genius.com/search?q=DISNEY%20HERCULES%20CANCION%20DE%20MEG,DISNEY HERCULES CANCION DE MEG
1027,Hercules No Importa La Distancia,Disney,ES,Infantil,,https://genius.com/search?q=DISNEY%20HERCULES%20NO%20IMPORTA%20LA%20DISTANCIA,DISNEY HERCULES NO IMPORTA LA DISTANCIA
1028,Hijo De Hombre,Disney,ES,Infantil,,https://genius.com/search?q=DISNEY%20HIJO%20DE%20HOMBRE,DISNEY HIJO DE HOMBRE
1029,Quero Ser Como Tu,Disney,ES,Infantil,,https://genius.com/search?q=DISNEY%20QUERO%20SER%20COMO%20TU,DISNEY QUERO SER COMO TU
1030,El Principe De Bel Air,El Hombre Linterna,ES,Infantil,,https://genius.com/search?q=EL%20HOMBRE%20LINTERNA%20EL%20PRINCIPE%20DE%20BEL%20AIR,EL HOMBRE LINTERNA EL PRINCIPE DE BEL AIR
1031,Soy Un Gnomo,El Hombre Linterna,ES,Infantil,,https://genius.com/search?q=EL%20HOMBRE%20LINTERNA%20SOY%20UN%20GNOMO,EL HOMBRE LINTERNA SOY UN GNOMO
1032,The Fresh Prince Of Bel Air,El Hombre Linterna,ES,Infantil,,https://genius.com/search?q=EL%20HOMBRE%20LINTERNA%20THE%20FRESH%20PRINCE%20OF%20BEL%20AIR,EL HOMBRE LINTERNA THE FRESH PRINCE OF BEL AIR
1033,Cuidado Con Paloma,Emilio Aragon,ES,Infantil,,https://genius.com/search?q=EMILIO%20ARAGON%20CUIDADO%20CON%20PALOMA,EMILIO ARAGON CUIDADO CON PALOMA
1034,Hey Mr. Waiter,Emilio Aragon,ES,Infantil,,https://genius.com/search?q=EMILIO%20ARAGON%20HEY%20MR.%20WAITER,EMILIO ARAGON HEY MR. WAITER
1035,Susanita,Emilio Aragon,ES,Infantil,,https://genius.com/search?q=EMILIO%20ARAGON%20SUSANITA,EMILIO ARAGON SUSANITA
1036,Te Huelen Los Pies,Emilio Aragon,ES,Infantil,,https://genius.com/search?q=EMILIO%20ARAGON%20TE%20HUELEN%20LOS%20PIES,EMILIO ARAGON TE HUELEN LOS PIES
1037,Y Ana Amigo Felix,Enrique,ES,Infantil,,https://genius.com/search?q=ENRIQUE%20Y%20ANA%20AMIGO%20FELIX,ENRIQUE Y ANA AMIGO FELIX
1038,Ethel & David Hill Speedy Gonzalez,,ES,Infantil,,https://genius.com/search?q=ETHEL%20%26%20DAVID%20HILL%20SPEEDY%20GONZALEZ,ETHEL & DAVID HILL SPEEDY GONZALEZ
1039,El Baile De La Ola,Eurojunior,ES,Infantil,,https://genius.com/search?q=EUROJUNIOR%20EL%20BAILE%20DE%20LA%20OLA,EUROJUNIOR EL BAILE DE LA OLA
1040,Mueve El Ombligo,Eurojunior,ES,Infantil,,https://genius.com/search?q=EUROJUNIOR%20MUEVE%20EL%20OMBLIGO,EUROJUNIOR MUEVE EL OMBLIGO
1041,Navegando En Internet,Eurojunior,ES,Infantil,,https://genius.com/search?q=EUROJUNIOR%20NAVEGANDO%20EN%20INTERNET,EUROJUNIOR NAVEGANDO EN INTERNET
1042,Niño Malo,Eurojunior,ES,Infantil,,https://genius.com/search?q=EUROJUNIOR%20NI%C3%91O%20MALO,EUROJUNIOR NIÑO MALO
1043,123,Floricienta,ES,Infantil,,https://genius.com/search?q=FLORICIENTA%20123,FLORICIENTA 123
1044,Flores Amarillas,Floricienta,ES,Infantil,,https://genius.com/search?q=FLORICIENTA%20FLORES%20AMARILLAS,FLORICIENTA FLORES AMARILLAS
1045,Mi Vestido Azul,Floricienta,ES,Infantil,,https://genius.com/search?q=FLORICIENTA%20MI%20VESTIDO%20AZUL,FLORICIENTA MI VESTIDO AZUL
1046,Mi Cruz Mi Fe,Formula Abierta,ES,Infantil,,https://genius.com/search?q=FORMULA%20ABIERTA%20MI%20CRUZ%20MI%20FE,FORMULA ABIERTA MI CRUZ MI FE
1047,Fórmula Abierta Shabadabada,,ES,Infantil,,https://genius.com/search?q=F%C3%93RMULA%20ABIERTA%20SHABADABADA,FÓRMULA ABIERTA SHABADABADA
1048,Si Al Amor,Formula Abierta,ES,Infantil,,https://genius.com/search?q=FORMULA%20ABIERTA%20SI%20AL%20AMOR,FORMULA ABIERTA SI AL AMOR
1049,Sin Ti,Formula Abierta,ES,Infantil,,https://genius.com/search?q=FORMULA%20ABIERTA%20SIN%20TI,FORMULA ABIERTA SIN TI
1050,Te Quiero Mas,Formula Abierta,ES,Infantil,,https://genius.com/search?q=FORMULA%20ABIERTA%20TE%20QUIERO%20MAS,FORMULA ABIERTA TE QUIERO MAS
1051,Frozen Libre Soy,,ES,Infantil,,https://genius.com/search?q=FROZEN%20LIBRE%20SOY,FROZEN LIBRE SOY
1052,Frozen Sueltalo,,ES,Infantil,,https://genius.com/search?q=FROZEN%20SUELTALO,FROZEN SUELTALO
1053,Gangnam Gangnam Style,,ES,Infantil,,https://genius.com/search?q=GANGNAM%20GANGNAM%20STYLE,GANGNAM GANGNAM STYLE
1054,Banana,Garibaldi,ES,Infantil,,https://genius.com/search?q=GARIBALDI%20BANANA,GARIBALDI BANANA
1055,El Orangutan,Garibaldi,ES,Infantil,,https://genius.com/search?q=GARIBALDI%20EL%20ORANGUTAN,GARIBALDI EL ORANGUTAN
1056,La Ventanita,Garibaldi,ES,Infantil,,https://genius.com/search?q=GARIBALDI%20LA%20VENTANITA,GARIBALDI LA VENTANITA
1057,Mama Ines,Garibaldi,ES,Infantil,,https://genius.com/search?q=GARIBALDI%20MAMA%20INES,GARIBALDI MAMA INES
1058,Popurry,Garibaldi,ES,Infantil,,https://genius.com/search?q=GARIBALDI%20POPURRY,GARIBALDI POPURRY
1059,Que Te La Pongo,Garibaldi,ES,Infantil,,https://genius.com/search?q=GARIBALDI%20QUE%20TE%20LA%20PONGO,GARIBALDI QUE TE LA PONGO
1060,Vamonos De Fiesta,Garibaldi,ES,Infantil,,https://genius.com/search?q=GARIBALDI%20VAMONOS%20DE%20FIESTA,GARIBALDI VAMONOS DE FIESTA
1061,"Cachete, Pechito Y Ombligo",Georgie Dann,ES,Infantil,,https://genius.com/search?q=GEORGIE%20DANN%20CACHETE%2C%20PECHITO%20Y%20OMBLIGO,"GEORGIE DANN CACHETE, PECHITO Y OMBLIGO"
1062,Dale Dale,Georgie Dann,ES,Infantil,,https://genius.com/search?q=GEORGIE%20DANN%20DALE%20DALE,GEORGIE DANN DALE DALE
1063,Africano,Georgie Dann El,ES,Infantil,,https://genius.com/search?q=GEORGIE%20DANN%20EL%20AFRICANO,GEORGIE DANN EL AFRICANO
1064,Bimbo,Georgie Dann El,ES,Infantil,,https://genius.com/search?q=GEORGIE%20DANN%20EL%20BIMBO,GEORGIE DANN EL BIMBO
1065,Chiringuito,Georgie Dann El,ES,Infantil,,https://genius.com/search?q=GEORGIE%20DANN%20EL%20CHIRINGUITO,GEORGIE DANN EL CHIRINGUITO
1066,Kasatchok,Georgie Dann,ES,Infantil,,https://genius.com/search?q=GEORGIE%20DANN%20KASATCHOK,GEORGIE DANN KASATCHOK
1067,Hercules De Cero A Heroe,,ES,Infantil,,https://genius.com/search?q=HERCULES%20DE%20CERO%20A%20HEROE,HERCULES DE CERO A HEROE
1068,Al Pasar La Barca,Infantil,ES,Infantil,,https://genius.com/search?q=INFANTIL%20AL%20PASAR%20LA%20BARCA,INFANTIL AL PASAR LA BARCA
1069,A Ram Sam Sam,Infantil,ES,Infantil,,https://genius.com/search?q=INFANTIL%20A%20RAM%20SAM%20SAM,INFANTIL A RAM SAM SAM
1070,Al Corro De La Patata,Infantil,ES,Infantil,,https://genius.com/search?q=INFANTIL%20AL%20CORRO%20DE%20LA%20PATATA,INFANTIL AL CORRO DE LA PATATA
1071,Alfred J Kwak,Infantil,ES,Infantil,,https://genius.com/search?q=INFANTIL%20ALFRED%20J%20KWAK,INFANTIL ALFRED J KWAK
1072,Bambi.Little April Showers,Infantil,ES,Infantil,,https://genius.com/search?q=INFANTIL%20BAMBI.LITTLE%20APRIL%20SHOWERS,INFANTIL BAMBI.LITTLE APRIL SHOWERS
1073,Buenas Noches. Casimiro,Infantil,ES,Infantil,,https://genius.com/search?q=INFANTIL%20BUENAS%20NOCHES.%20CASIMIRO,INFANTIL BUENAS NOCHES. CASIMIRO
1074,Busca Lo Mas Vital,Infantil,ES,Infantil,,https://genius.com/search?q=INFANTIL%20BUSCA%20LO%20MAS%20VITAL,INFANTIL BUSCA LO MAS VITAL
1075,Cancion De Tomar El Te,Infantil,ES,Infantil,,https://genius.com/search?q=INFANTIL%20CANCION%20DE%20TOMAR%20EL%20TE,INFANTIL CANCION DE TOMAR EL TE
1076,Casimiro Buenas Noches,Infantil,ES,Infantil,,https://genius.com/search?q=INFANTIL%20CASIMIRO%20BUENAS%20NOCHES,INFANTIL CASIMIRO BUENAS NOCHES
1077,Chicho Terremoto,Infantil,ES,Infantil,,https://genius.com/search?q=INFANTIL%20CHICHO%20TERREMOTO,INFANTIL CHICHO TERREMOTO
1078,Chu Chu Wa,Infantil,ES,Infantil,,https://genius.com/search?q=INFANTIL%20CHU%20CHU%20WA,INFANTIL CHU CHU WA
1079,Comando G,Infantil,ES,Infantil,,https://genius.com/search?q=INFANTIL%20COMANDO%20G,INFANTIL COMANDO G
1080,Con Un Poco De Azucar. Mary Poppins,Infantil,ES,Infantil,,https://genius.com/search?q=INFANTIL%20CON%20UN%20POCO%20DE%20AZUCAR.%20MARY%20POPPINS,INFANTIL CON UN POCO DE AZUCAR. MARY POPPINS
1081,Cucu Cantaba La Rana,Infantil,ES,Infantil,,https://genius.com/search?q=INFANTIL%20CUCU%20CANTABA%20LA%20RANA,INFANTIL CUCU CANTABA LA RANA
1082,Cumpleaños Ardillas,Infantil,ES,Infantil,,https://genius.com/search?q=INFANTIL%20CUMPLEA%C3%91OS%20ARDILLAS,INFANTIL CUMPLEAÑOS ARDILLAS
1083,Cumpleaños Feliz,Infantil,ES,Infantil,,https://genius.com/search?q=INFANTIL%20CUMPLEA%C3%91OS%20FELIZ,INFANTIL CUMPLEAÑOS FELIZ
1084,Dartacan Y Los Tres Mosqueperros,Infantil,ES,Infantil,,https://genius.com/search?q=INFANTIL%20DARTACAN%20Y%20LOS%20TRES%20MOSQUEPERROS,INFANTIL DARTACAN Y LOS TRES MOSQUEPERROS
1085,Doraemon,Infantil,ES,Infantil,,https://genius.com/search?q=INFANTIL%20DORAEMON,INFANTIL DORAEMON
1086,Dragones Y Mazmorras,Infantil,ES,Infantil,,https://genius.com/search?q=INFANTIL%20DRAGONES%20Y%20MAZMORRAS,INFANTIL DRAGONES Y MAZMORRAS
1087,Arca De Noe,Infantil El,ES,Infantil,,https://genius.com/search?q=INFANTIL%20EL%20ARCA%20DE%20NOE,INFANTIL EL ARCA DE NOE
1088,Auto De Papa.Los Payasos De La Tele,Infantil El,ES,Infantil,,https://genius.com/search?q=INFANTIL%20EL%20AUTO%20DE%20PAPA.LOS%20PAYASOS%20DE%20LA%20TELE,INFANTIL EL AUTO DE PAPA.LOS PAYASOS DE LA TELE
1089,Auto Nuevo,Infantil El,ES,Infantil,,https://genius.com/search?q=INFANTIL%20EL%20AUTO%20NUEVO,INFANTIL EL AUTO NUEVO
1090,Baile De La Ola,Infantil El,ES,Infantil,,https://genius.com/search?q=INFANTIL%20EL%20BAILE%20DE%20LA%20OLA,INFANTIL EL BAILE DE LA OLA
1091,Baile Del Gorila,Infantil El,ES,Infantil,,https://genius.com/search?q=INFANTIL%20EL%20BAILE%20DEL%20GORILA,INFANTIL EL BAILE DEL GORILA
1092,Barquito Chiquitito,Infantil El,ES,Infantil,,https://genius.com/search?q=INFANTIL%20EL%20BARQUITO%20CHIQUITITO,INFANTIL EL BARQUITO CHIQUITITO
1093,Gallo Sube,Infantil El,ES,Infantil,,https://genius.com/search?q=INFANTIL%20EL%20GALLO%20SUBE,INFANTIL EL GALLO SUBE
1094,Patio De Mi Casa,Infantil El,ES,Infantil,,https://genius.com/search?q=INFANTIL%20EL%20PATIO%20DE%20MI%20CASA,INFANTIL EL PATIO DE MI CASA
1095,Pavo Y La Pava,Infantil El,ES,Infantil,,https://genius.com/search?q=INFANTIL%20EL%20PAVO%20Y%20LA%20PAVA,INFANTIL EL PAVO Y LA PAVA
1096,Pollito Pio,Infantil El,ES,Infantil,,https://genius.com/search?q=INFANTIL%20EL%20POLLITO%20PIO,INFANTIL EL POLLITO PIO
1097,Polvorete,Infantil El,ES,Infantil,,https://genius.com/search?q=INFANTIL%20EL%20POLVORETE,INFANTIL EL POLVORETE
1098,Reino Del Reves,Infantil El,ES,Infantil,,https://genius.com/search?q=INFANTIL%20EL%20REINO%20DEL%20REVES,INFANTIL EL REINO DEL REVES
1099,Señor Don Gato,Infantil El,ES,Infantil,,https://genius.com/search?q=INFANTIL%20EL%20SE%C3%91OR%20DON%20GATO,INFANTIL EL SEÑOR DON GATO
1100,Twist Del Mono Liso,Infantil El,ES,Infantil,,https://genius.com/search?q=INFANTIL%20EL%20TWIST%20DEL%20MONO%20LISO,INFANTIL EL TWIST DEL MONO LISO
1101,En La Granja De Mi Tio,Infantil,ES,Infantil,,https://genius.com/search?q=INFANTIL%20EN%20LA%20GRANJA%20DE%20MI%20TIO,INFANTIL EN LA GRANJA DE MI TIO
1102,En Un Bosque De La China,Infantil,ES,Infantil,,https://genius.com/search?q=INFANTIL%20EN%20UN%20BOSQUE%20DE%20LA%20CHINA,INFANTIL EN UN BOSQUE DE LA CHINA
1103,Erase Una Vez El Hombre,Infantil,ES,Infantil,,https://genius.com/search?q=INFANTIL%20ERASE%20UNA%20VEZ%20EL%20HOMBRE,INFANTIL ERASE UNA VEZ EL HOMBRE
1104,Estrellita Donde Estas,Infantil,ES,Infantil,,https://genius.com/search?q=INFANTIL%20ESTRELLITA%20DONDE%20ESTAS,INFANTIL ESTRELLITA DONDE ESTAS
1105,Feliz Cumpleaños. Las Ardillas,Infantil,ES,Infantil,,https://genius.com/search?q=INFANTIL%20FELIZ%20CUMPLEA%C3%91OS.%20LAS%20ARDILLAS,INFANTIL FELIZ CUMPLEAÑOS. LAS ARDILLAS
1106,Feliz En Tu Dia. Los Payasos,Infantil,ES,Infantil,,https://genius.com/search?q=INFANTIL%20FELIZ%20EN%20TU%20DIA.%20LOS%20PAYASOS,INFANTIL FELIZ EN TU DIA. LOS PAYASOS
1107,Fraggel Rock,Infantil,ES,Infantil,,https://genius.com/search?q=INFANTIL%20FRAGGEL%20ROCK,INFANTIL FRAGGEL ROCK
1108,Hakuna Matata,Infantil,ES,Infantil,,https://genius.com/search?q=INFANTIL%20HAKUNA%20MATATA,INFANTIL HAKUNA MATATA
1109,Head Shoulder Knee And Toe,Infantil,ES,Infantil,,https://genius.com/search?q=INFANTIL%20HEAD%20SHOULDER%20KNEE%20AND%20TOE,INFANTIL HEAD SHOULDER KNEE AND TOE
1110,Juguemos En El Bosque,Infantil,ES,Infantil,,https://genius.com/search?q=INFANTIL%20JUGUEMOS%20EN%20EL%20BOSQUE,INFANTIL JUGUEMOS EN EL BOSQUE
1111,Abeja Maya,Infantil La,ES,Infantil,,https://genius.com/search?q=INFANTIL%20LA%20ABEJA%20MAYA,INFANTIL LA ABEJA MAYA
1112,Brujita Tapita,Infantil La,ES,Infantil,,https://genius.com/search?q=INFANTIL%20LA%20BRUJITA%20TAPITA,INFANTIL LA BRUJITA TAPITA
1113,Cucaracha,Infantil La,ES,Infantil,,https://genius.com/search?q=INFANTIL%20LA%20CUCARACHA,INFANTIL LA CUCARACHA
1114,Cucaracha Zenon,Infantil La,ES,Infantil,,https://genius.com/search?q=INFANTIL%20LA%20CUCARACHA%20ZENON,INFANTIL LA CUCARACHA ZENON
1115,Forma De Caminar,Infantil La,ES,Infantil,,https://genius.com/search?q=INFANTIL%20LA%20FORMA%20DE%20CAMINAR,INFANTIL LA FORMA DE CAMINAR
1116,Cocoua,Infantil La Gallina,ES,Infantil,,https://genius.com/search?q=INFANTIL%20LA%20GALLINA%20COCOUA,INFANTIL LA GALLINA COCOUA
1117,Turuleca Zenon,Infantil La Gallina,ES,Infantil,,https://genius.com/search?q=INFANTIL%20LA%20GALLINA%20TURULECA%20ZENON,INFANTIL LA GALLINA TURULECA ZENON
1118,Turuleta,Infantil La Gallina,ES,Infantil,,https://genius.com/search?q=INFANTIL%20LA%20GALLINA%20TURULETA,INFANTIL LA GALLINA TURULETA
1119,Mar Estaba Serena,Infantil La,ES,Infantil,,https://genius.com/search?q=INFANTIL%20LA%20MAR%20ESTABA%20SERENA,INFANTIL LA MAR ESTABA SERENA
1120,Pulga Aventurera,Infantil La,ES,Infantil,,https://genius.com/search?q=INFANTIL%20LA%20PULGA%20AVENTURERA,INFANTIL LA PULGA AVENTURERA
1121,Risa De Las Vocales,Infantil La,ES,Infantil,,https://genius.com/search?q=INFANTIL%20LA%20RISA%20DE%20LAS%20VOCALES,INFANTIL LA RISA DE LAS VOCALES
1122,Vaca Lechera,Infantil La,ES,Infantil,,https://genius.com/search?q=INFANTIL%20LA%20VACA%20LECHERA,INFANTIL LA VACA LECHERA
1123,Vaca Lola,Infantil La,ES,Infantil,,https://genius.com/search?q=INFANTIL%20LA%20VACA%20LOLA,INFANTIL LA VACA LOLA
1124,Fruitis,Infantil Los,ES,Infantil,,https://genius.com/search?q=INFANTIL%20LOS%20FRUITIS,INFANTIL LOS FRUITIS
1125,Pitufos Makineros,Infantil Los,ES,Infantil,,https://genius.com/search?q=INFANTIL%20LOS%20PITUFOS%20MAKINEROS,INFANTIL LOS PITUFOS MAKINEROS
1126,Trotamusicos,Infantil Los,ES,Infantil,,https://genius.com/search?q=INFANTIL%20LOS%20TROTAMUSICOS,INFANTIL LOS TROTAMUSICOS
1127,Mambru Se Fue A La Guerra,Infantil,ES,Infantil,,https://genius.com/search?q=INFANTIL%20MAMBRU%20SE%20FUE%20A%20LA%20GUERRA,INFANTIL MAMBRU SE FUE A LA GUERRA
1128,Manuelita La Tortuga,Infantil,ES,Infantil,,https://genius.com/search?q=INFANTIL%20MANUELITA%20LA%20TORTUGA,INFANTIL MANUELITA LA TORTUGA
1129,Marco. Adios Mama,Infantil,ES,Infantil,,https://genius.com/search?q=INFANTIL%20MARCO.%20ADIOS%20MAMA,INFANTIL MARCO. ADIOS MAMA
1130,Marco. Mi Mono Amedio,Infantil,ES,Infantil,,https://genius.com/search?q=INFANTIL%20MARCO.%20MI%20MONO%20AMEDIO,INFANTIL MARCO. MI MONO AMEDIO
1131,Matarile,Infantil,ES,Infantil,,https://genius.com/search?q=INFANTIL%20MATARILE,INFANTIL MATARILE
1132,Mazinger Z,Infantil,ES,Infantil,,https://genius.com/search?q=INFANTIL%20MAZINGER%20Z,INFANTIL MAZINGER Z
1133,Me Pongo De Pie,Infantil,ES,Infantil,,https://genius.com/search?q=INFANTIL%20ME%20PONGO%20DE%20PIE,INFANTIL ME PONGO DE PIE
1134,Mi Barba Tiene Tres Pelos,Infantil,ES,Infantil,,https://genius.com/search?q=INFANTIL%20MI%20BARBA%20TIENE%20TRES%20PELOS,INFANTIL MI BARBA TIENE TRES PELOS
1135,Mi Muñeca Me Hablo,Infantil,ES,Infantil,,https://genius.com/search?q=INFANTIL%20MI%20MU%C3%91ECA%20ME%20HABLO,INFANTIL MI MUÑECA ME HABLO
1136,Mix Cantajuegos,Infantil,ES,Infantil,,https://genius.com/search?q=INFANTIL%20MIX%20CANTAJUEGOS,INFANTIL MIX CANTAJUEGOS
1137,Mucho Mas Alla. Frozen 2,Infantil,ES,Infantil,,https://genius.com/search?q=INFANTIL%20MUCHO%20MAS%20ALLA.%20FROZEN%202,INFANTIL MUCHO MAS ALLA. FROZEN 2
1138,No Se Ria De La Bruja Averia,Infantil,ES,Infantil,,https://genius.com/search?q=INFANTIL%20NO%20SE%20RIA%20DE%20LA%20BRUJA%20AVERIA,INFANTIL NO SE RIA DE LA BRUJA AVERIA
1139,No Se Ria De La Bruja Averia,Infantil,ES,Infantil,,https://genius.com/search?q=INFANTIL%20NO%20SE%20RIA%20DE%20LA%20BRUJA%20AVERIA,INFANTIL NO SE RIA DE LA BRUJA AVERIA
1140,Oliver Y Benji,Infantil,ES,Infantil,,https://genius.com/search?q=INFANTIL%20OLIVER%20Y%20BENJI,INFANTIL OLIVER Y BENJI
1141,Pippi Calzaslargas,Infantil,ES,Infantil,,https://genius.com/search?q=INFANTIL%20PIPPI%20CALZASLARGAS,INFANTIL PIPPI CALZASLARGAS
1142,Pippi Calzaslargas,Infantil,ES,Infantil,,https://genius.com/search?q=INFANTIL%20PIPPI%20CALZASLARGAS,INFANTIL PIPPI CALZASLARGAS
1143,Que Llueva,Infantil,ES,Infantil,,https://genius.com/search?q=INFANTIL%20QUE%20LLUEVA,INFANTIL QUE LLUEVA
1144,Quijote Sancho,Infantil,ES,Infantil,,https://genius.com/search?q=INFANTIL%20QUIJOTE%20SANCHO,INFANTIL QUIJOTE SANCHO
1145,Shin Chan,Infantil,ES,Infantil,,https://genius.com/search?q=INFANTIL%20SHIN%20CHAN,INFANTIL SHIN CHAN
1146,Sobre El Puente De Avignon,Infantil,ES,Infantil,,https://genius.com/search?q=INFANTIL%20SOBRE%20EL%20PUENTE%20DE%20AVIGNON,INFANTIL SOBRE EL PUENTE DE AVIGNON
1147,Somos Los Pitufos,Infantil,ES,Infantil,,https://genius.com/search?q=INFANTIL%20SOMOS%20LOS%20PITUFOS,INFANTIL SOMOS LOS PITUFOS
1148,Soy Un Gnomo,Infantil,ES,Infantil,,https://genius.com/search?q=INFANTIL%20SOY%20UN%20GNOMO,INFANTIL SOY UN GNOMO
1149,Soy Una Taza,Infantil,ES,Infantil,,https://genius.com/search?q=INFANTIL%20SOY%20UNA%20TAZA,INFANTIL SOY UNA TAZA
1150,Supercalifragilisticoespialidos O,Infantil,ES,Infantil,,https://genius.com/search?q=INFANTIL%20SUPERCALIFRAGILISTICOESPIALIDOS%20O,INFANTIL SUPERCALIFRAGILISTICOESPIALIDOS O
1151,Susanita Tiene Un Raton,Infantil,ES,Infantil,,https://genius.com/search?q=INFANTIL%20SUSANITA%20TIENE%20UN%20RATON,INFANTIL SUSANITA TIENE UN RATON
1152,Tengo Tengo Tengo,Infantil,ES,Infantil,,https://genius.com/search?q=INFANTIL%20TENGO%20TENGO%20TENGO,INFANTIL TENGO TENGO TENGO
1153,Tengo Una Muñeca Vestida De Azul,Infantil,ES,Infantil,,https://genius.com/search?q=INFANTIL%20TENGO%20UNA%20MU%C3%91ECA%20VESTIDA%20DE%20AZUL,INFANTIL TENGO UNA MUÑECA VESTIDA DE AZUL
1154,Un Elefante Se Balanceaba,Infantil,ES,Infantil,,https://genius.com/search?q=INFANTIL%20UN%20ELEFANTE%20SE%20BALANCEABA,INFANTIL UN ELEFANTE SE BALANCEABA
1155,A Contar Mentiras,Infantil Vamos,ES,Infantil,,https://genius.com/search?q=INFANTIL%20VAMOS%20A%20CONTAR%20MENTIRAS,INFANTIL VAMOS A CONTAR MENTIRAS
1156,A Jugar,Infantil Vamos,ES,Infantil,,https://genius.com/search?q=INFANTIL%20VAMOS%20A%20JUGAR,INFANTIL VAMOS A JUGAR
1157,Ala Cama. La Familia Telerin,Infantil Vamos,ES,Infantil,,https://genius.com/search?q=INFANTIL%20VAMOS%20ALA%20CAMA.%20LA%20FAMILIA%20TELERIN,INFANTIL VAMOS ALA CAMA. LA FAMILIA TELERIN
1158,Willy Fog,Infantil,ES,Infantil,,https://genius.com/search?q=INFANTIL%20WILLY%20FOG,INFANTIL WILLY FOG
1159,Xuxa Ilarie,Infantil,ES,Infantil,,https://genius.com/search?q=INFANTIL%20XUXA%20ILARIE,INFANTIL XUXA ILARIE
1160,El Patio De Mi Casa,Infantil. Popular,ES,Infantil,,https://genius.com/search?q=INFANTIL.%20POPULAR%20EL%20PATIO%20DE%20MI%20CASA,INFANTIL. POPULAR EL PATIO DE MI CASA
1161,En Un Bossque De La China,Infantil. Popular,ES,Infantil,,https://genius.com/search?q=INFANTIL.%20POPULAR%20EN%20UN%20BOSSQUE%20DE%20LA%20CHINA,INFANTIL. POPULAR EN UN BOSSQUE DE LA CHINA
1162,La Gallina,Infantil. Popular,ES,Infantil,,https://genius.com/search?q=INFANTIL.%20POPULAR%20LA%20GALLINA,INFANTIL. POPULAR LA GALLINA
1163,Mambrú Se Fue A La Guerra,Infantil. Popular,ES,Infantil,,https://genius.com/search?q=INFANTIL.%20POPULAR%20MAMBR%C3%9A%20SE%20FUE%20A%20LA%20GUERRA,INFANTIL. POPULAR MAMBRÚ SE FUE A LA GUERRA
1164,Mambrú Se Fue A La Guerra,Infantil. Popular,ES,Infantil,,https://genius.com/search?q=INFANTIL.%20POPULAR%20MAMBR%C3%9A%20SE%20FUE%20A%20LA%20GUERRA,INFANTIL. POPULAR MAMBRÚ SE FUE A LA GUERRA
1165,"Matarile, Rilero",Infantil. Popular,ES,Infantil,,https://genius.com/search?q=INFANTIL.%20POPULAR%20MATARILE%2C%20RILERO,"INFANTIL. POPULAR MATARILE, RILERO"
1166,Susanita (Tiene Un Ratón),Infantil. Popular,ES,Infantil,,https://genius.com/search?q=INFANTIL.%20POPULAR%20SUSANITA%20%28TIENE%20UN%20RAT%C3%93N%29,INFANTIL. POPULAR SUSANITA (TIENE UN RATÓN)
1167,Anton Pirulero,Infantiles,ES,Infantil,,https://genius.com/search?q=INFANTILES%20ANTON%20PIRULERO,INFANTILES ANTON PIRULERO
1168,Brinca La Tablita,Infantiles,ES,Infantil,,https://genius.com/search?q=INFANTILES%20BRINCA%20LA%20TABLITA,INFANTILES BRINCA LA TABLITA
1169,Cancion De Los Sonidos,Infantiles,ES,Infantil,,https://genius.com/search?q=INFANTILES%20CANCION%20DE%20LOS%20SONIDOS,INFANTILES CANCION DE LOS SONIDOS
1170,Capitan De Madera,Infantiles,ES,Infantil,,https://genius.com/search?q=INFANTILES%20CAPITAN%20DE%20MADERA,INFANTILES CAPITAN DE MADERA
1171,Chinito De Amor,Infantiles,ES,Infantil,,https://genius.com/search?q=INFANTILES%20CHINITO%20DE%20AMOR,INFANTILES CHINITO DE AMOR
1172,Como Me Pica La Nariz,Infantiles,ES,Infantil,,https://genius.com/search?q=INFANTILES%20COMO%20ME%20PICA%20LA%20NARIZ,INFANTILES COMO ME PICA LA NARIZ
1173,De La Una A Las Dos,Infantiles,ES,Infantil,,https://genius.com/search?q=INFANTILES%20DE%20LA%20UNA%20A%20LAS%20DOS,INFANTILES DE LA UNA A LAS DOS
1174,De Oca A Oca,Infantiles,ES,Infantil,,https://genius.com/search?q=INFANTILES%20DE%20OCA%20A%20OCA,INFANTILES DE OCA A OCA
1175,Desde Pequeñita,Infantiles,ES,Infantil,,https://genius.com/search?q=INFANTILES%20DESDE%20PEQUE%C3%91ITA,INFANTILES DESDE PEQUEÑITA
1176,Don Gato,Infantiles,ES,Infantil,,https://genius.com/search?q=INFANTILES%20DON%20GATO,INFANTILES DON GATO
1177,Don Piruli,Infantiles,ES,Infantil,,https://genius.com/search?q=INFANTILES%20DON%20PIRULI,INFANTILES DON PIRULI
1178,Donde Estan Las Llaves,Infantiles,ES,Infantil,,https://genius.com/search?q=INFANTILES%20DONDE%20ESTAN%20LAS%20LLAVES,INFANTILES DONDE ESTAN LAS LLAVES
1179,Juego De La Mane,Infantiles El,ES,Infantil,,https://genius.com/search?q=INFANTILES%20EL%20JUEGO%20DE%20LA%20MANE,INFANTILES EL JUEGO DE LA MANE
1180,Juego De Las Vocales,Infantiles El,ES,Infantil,,https://genius.com/search?q=INFANTILES%20EL%20JUEGO%20DE%20LAS%20VOCALES,INFANTILES EL JUEGO DE LAS VOCALES
1181,Patio De Mi Casa,Infantiles El,ES,Infantil,,https://genius.com/search?q=INFANTILES%20EL%20PATIO%20DE%20MI%20CASA,INFANTILES EL PATIO DE MI CASA
1182,Piojo Y La Pulga,Infantiles El,ES,Infantil,,https://genius.com/search?q=INFANTILES%20EL%20PIOJO%20Y%20LA%20PULGA,INFANTILES EL PIOJO Y LA PULGA
1183,Trebole,Infantiles El,ES,Infantil,,https://genius.com/search?q=INFANTILES%20EL%20TREBOLE,INFANTILES EL TREBOLE
1184,Feliz Feliz En Tu Dia,Infantiles,ES,Infantil,,https://genius.com/search?q=INFANTILES%20FELIZ%20FELIZ%20EN%20TU%20DIA,INFANTILES FELIZ FELIZ EN TU DIA
1185,Habia Una Vez Un Circo,Infantiles,ES,Infantil,,https://genius.com/search?q=INFANTILES%20HABIA%20UNA%20VEZ%20UN%20CIRCO,INFANTILES HABIA UNA VEZ UN CIRCO
1186,Hay Un Amigo En Mi,Infantiles,ES,Infantil,,https://genius.com/search?q=INFANTILES%20HAY%20UN%20AMIGO%20EN%20MI,INFANTILES HAY UN AMIGO EN MI
1187,Hola Don Pepito,Infantiles,ES,Infantil,,https://genius.com/search?q=INFANTILES%20HOLA%20DON%20PEPITO,INFANTILES HOLA DON PEPITO
1188,Cancion Del Panda,Infantiles La,ES,Infantil,,https://genius.com/search?q=INFANTILES%20LA%20CANCION%20DEL%20PANDA,INFANTILES LA CANCION DEL PANDA
1189,Comadre Chema,Infantiles La,ES,Infantil,,https://genius.com/search?q=INFANTILES%20LA%20COMADRE%20CHEMA,INFANTILES LA COMADRE CHEMA
1190,Gallina Turuleta,Infantiles La,ES,Infantil,,https://genius.com/search?q=INFANTILES%20LA%20GALLINA%20TURULETA,INFANTILES LA GALLINA TURULETA
1191,"Tarara,Al Pasar La Barca",Infantiles La,ES,Infantil,,https://genius.com/search?q=INFANTILES%20LA%20TARARA%2CAL%20PASAR%20LA%20BARCA,"INFANTILES LA TARARA,AL PASAR LA BARCA"
1192,Yenka,Infantiles La,ES,Infantil,,https://genius.com/search?q=INFANTILES%20LA%20YENKA,INFANTILES LA YENKA
1193,Maderos De San Juan,Infantiles Los,ES,Infantil,,https://genius.com/search?q=INFANTILES%20LOS%20MADEROS%20DE%20SAN%20JUAN,INFANTILES LOS MADEROS DE SAN JUAN
1194,Numeros,Infantiles Los,ES,Infantil,,https://genius.com/search?q=INFANTILES%20LOS%20NUMEROS,INFANTILES LOS NUMEROS
1195,Pollitos,Infantiles Los,ES,Infantil,,https://genius.com/search?q=INFANTILES%20LOS%20POLLITOS,INFANTILES LOS POLLITOS
1196,Mambru Se Fue A La Guerra,Infantiles,ES,Infantil,,https://genius.com/search?q=INFANTILES%20MAMBRU%20SE%20FUE%20A%20LA%20GUERRA,INFANTILES MAMBRU SE FUE A LA GUERRA
1197,Matarile Rile Ro,Infantiles,ES,Infantil,,https://genius.com/search?q=INFANTILES%20MATARILE%20RILE%20RO,INFANTILES MATARILE RILE RO
1198,Me Caso Mi Madre,Infantiles,ES,Infantil,,https://genius.com/search?q=INFANTILES%20ME%20CASO%20MI%20MADRE,INFANTILES ME CASO MI MADRE
1199,Mi Comadre Tere,Infantiles,ES,Infantil,,https://genius.com/search?q=INFANTILES%20MI%20COMADRE%20TERE,INFANTILES MI COMADRE TERE
1200,Que Llueva Que Llueva,Infantiles,ES,Infantil,,https://genius.com/search?q=INFANTILES%20QUE%20LLUEVA%20QUE%20LLUEVA,INFANTILES QUE LLUEVA QUE LLUEVA
1201,Que Pase El Rey,Infantiles,ES,Infantil,,https://genius.com/search?q=INFANTILES%20QUE%20PASE%20EL%20REY,INFANTILES QUE PASE EL REY
1202,Quisiera Ser Tan Alta,Infantiles,ES,Infantil,,https://genius.com/search?q=INFANTILES%20QUISIERA%20SER%20TAN%20ALTA,INFANTILES QUISIERA SER TAN ALTA
1203,Rianxeira,Infantiles,ES,Infantil,,https://genius.com/search?q=INFANTILES%20RIANXEIRA,INFANTILES RIANXEIRA
1204,Susanita,Infantiles,ES,Infantil,,https://genius.com/search?q=INFANTILES%20SUSANITA,INFANTILES SUSANITA
1205,Tengo Una Muñeca,Infantiles,ES,Infantil,,https://genius.com/search?q=INFANTILES%20TENGO%20UNA%20MU%C3%91ECA,INFANTILES TENGO UNA MUÑECA
1206,Veo Veo,Infantiles,ES,Infantil,,https://genius.com/search?q=INFANTILES%20VEO%20VEO,INFANTILES VEO VEO
1207,Ya Se Murio El Burro,Infantiles,ES,Infantil,,https://genius.com/search?q=INFANTILES%20YA%20SE%20MURIO%20EL%20BURRO,INFANTILES YA SE MURIO EL BURRO
1208,Ya Se Van Los Pastores,Infantiles,ES,Infantil,,https://genius.com/search?q=INFANTILES%20YA%20SE%20VAN%20LOS%20PASTORES,INFANTILES YA SE VAN LOS PASTORES
1209,Joe Luciano El Baile De La Botella,,ES,Infantil,,https://genius.com/search?q=JOE%20LUCIANO%20EL%20BAILE%20DE%20LA%20BOTELLA,JOE LUCIANO EL BAILE DE LA BOTELLA
1210,Cuelate En Mi Musica Medley,La Decada Prodigiosa,ES,Infantil,,https://genius.com/search?q=LA%20DECADA%20PRODIGIOSA%20CUELATE%20EN%20MI%20MUSICA%20MEDLEY,LA DECADA PRODIGIOSA CUELATE EN MI MUSICA MEDLEY
1211,La Decada De Los 80,La Decada Prodigiosa,ES,Infantil,,https://genius.com/search?q=LA%20DECADA%20PRODIGIOSA%20LA%20DECADA%20DE%20LOS%2080,LA DECADA PRODIGIOSA LA DECADA DE LOS 80
1212,La Fiesta Años 70,La Decada Prodigiosa,ES,Infantil,,https://genius.com/search?q=LA%20DECADA%20PRODIGIOSA%20LA%20FIESTA%20A%C3%91OS%2070,LA DECADA PRODIGIOSA LA FIESTA AÑOS 70
1213,Made In Spain,La Decada Prodigiosa,ES,Infantil,,https://genius.com/search?q=LA%20DECADA%20PRODIGIOSA%20MADE%20IN%20SPAIN,LA DECADA PRODIGIOSA MADE IN SPAIN
1214,Toda La Noche Sin Dormir,La Decada Prodigiosa,ES,Infantil,,https://genius.com/search?q=LA%20DECADA%20PRODIGIOSA%20TODA%20LA%20NOCHE%20SIN%20DORMIR,LA DECADA PRODIGIOSA TODA LA NOCHE SIN DORMIR
1215,Una Fiesta Especial,La Decada Prodigiosa,ES,Infantil,,https://genius.com/search?q=LA%20DECADA%20PRODIGIOSA%20UNA%20FIESTA%20ESPECIAL,LA DECADA PRODIGIOSA UNA FIESTA ESPECIAL
1216,Fiesta Toma Vitamina,La,ES,Infantil,,https://genius.com/search?q=LA%20FIESTA%20TOMA%20VITAMINA,LA FIESTA TOMA VITAMINA
1217,Zenon Infantil Croki Croki,La Granja De,ES,Infantil,,https://genius.com/search?q=LA%20GRANJA%20DE%20ZENON%20infantil%20CROKI%20CROKI,LA GRANJA DE ZENON infantil CROKI CROKI
1218,Zenon Infantil El Gallo Pinto,La Granja De,ES,Infantil,,https://genius.com/search?q=LA%20GRANJA%20DE%20ZENON%20infantil%20EL%20GALLO%20PINTO,LA GRANJA DE ZENON infantil EL GALLO PINTO
1219,Zenon Infantil El Gallo Y La Pata,La Granja De,ES,Infantil,,https://genius.com/search?q=LA%20GRANJA%20DE%20ZENON%20infantil%20EL%20GALLO%20Y%20LA%20PATA,LA GRANJA DE ZENON infantil EL GALLO Y LA PATA
1220,Zenon Infantil El Pavo Y La Pava,La Granja De,ES,Infantil,,https://genius.com/search?q=LA%20GRANJA%20DE%20ZENON%20infantil%20EL%20PAVO%20Y%20LA%20PAVA,LA GRANJA DE ZENON infantil EL PAVO Y LA PAVA
1221,Zenon Infantil Incy Wincy Araña,La Granja De,ES,Infantil,,https://genius.com/search?q=LA%20GRANJA%20DE%20ZENON%20infantil%20INCY%20WINCY%20ARA%C3%91A,LA GRANJA DE ZENON infantil INCY WINCY ARAÑA
1222,Zenon Infantil La Cucaracha,La Granja De,ES,Infantil,,https://genius.com/search?q=LA%20GRANJA%20DE%20ZENON%20infantil%20LA%20CUCARACHA,LA GRANJA DE ZENON infantil LA CUCARACHA
1223,Zenon Infantil La Gallina Turuleca,La Granja De,ES,Infantil,,https://genius.com/search?q=LA%20GRANJA%20DE%20ZENON%20infantil%20LA%20GALLINA%20TURULECA,LA GRANJA DE ZENON infantil LA GALLINA TURULECA
1224,Zenon Infantil La Pulga Aventurera,La Granja De,ES,Infantil,,https://genius.com/search?q=LA%20GRANJA%20DE%20ZENON%20infantil%20LA%20PULGA%20AVENTURERA,LA GRANJA DE ZENON infantil LA PULGA AVENTURERA
1225,Zenon Infantil La Vaca Lechera,La Granja De,ES,Infantil,,https://genius.com/search?q=LA%20GRANJA%20DE%20ZENON%20infantil%20LA%20VACA%20LECHERA,LA GRANJA DE ZENON infantil LA VACA LECHERA
1226,Zenon Infantil Los Pollitos Dicen,La Granja De,ES,Infantil,,https://genius.com/search?q=LA%20GRANJA%20DE%20ZENON%20infantil%20LOS%20POLLITOS%20DICEN,LA GRANJA DE ZENON infantil LOS POLLITOS DICEN
1227,Zenon Infantil Los Tres Chanchitos,La Granja De,ES,Infantil,,https://genius.com/search?q=LA%20GRANJA%20DE%20ZENON%20infantil%20LOS%20TRES%20CHANCHITOS,LA GRANJA DE ZENON infantil LOS TRES CHANCHITOS
1228,Zenon Infantil Pajaritos A Bailar,La Granja De,ES,Infantil,,https://genius.com/search?q=LA%20GRANJA%20DE%20ZENON%20infantil%20PAJARITOS%20A%20BAILAR,LA GRANJA DE ZENON infantil PAJARITOS A BAILAR
1229,Zenon Infantil Queridos Conejos,La Granja De,ES,Infantil,,https://genius.com/search?q=LA%20GRANJA%20DE%20ZENON%20infantil%20QUERIDOS%20CONEJOS,LA GRANJA DE ZENON infantil QUERIDOS CONEJOS
1230,Zenon Infantil Señora Vaca,La Granja De,ES,Infantil,,https://genius.com/search?q=LA%20GRANJA%20DE%20ZENON%20infantil%20SE%C3%91ORA%20VACA,LA GRANJA DE ZENON infantil SEÑORA VACA
1231,Aserejé,Las Ketchup,ES,Infantil,,https://genius.com/search?q=LAS%20KETCHUP%20ASEREJ%C3%89,LAS KETCHUP ASEREJÉ
1232,Bloody Mary,Las Ketchup,ES,Infantil,,https://genius.com/search?q=LAS%20KETCHUP%20BLOODY%20MARY,LAS KETCHUP BLOODY MARY
1233,Lbc La Morocha,,ES,Infantil,,https://genius.com/search?q=LBC%20LA%20MOROCHA,LBC LA MOROCHA
1234,Lunnis Gara Y Jonay,Los,ES,Infantil,,https://genius.com/search?q=LOS%20LUNNIS%20GARA%20Y%20JONAY,LOS LUNNIS GARA Y JONAY
1235,Lunnis Hercules,Los,ES,Infantil,,https://genius.com/search?q=LOS%20LUNNIS%20HERCULES,LOS LUNNIS HERCULES
1236,La Tele (Infantil) La Gallina Turuleca,Los Payasos De,ES,Infantil,,https://genius.com/search?q=LOS%20PAYASOS%20DE%20LA%20TELE%20%28INFANTIL%29%20LA%20GALLINA%20TURULECA,LOS PAYASOS DE LA TELE (INFANTIL) LA GALLINA TURULECA
1237,La Tele Chinita Del Amor,Los Payasos De,ES,Infantil,,https://genius.com/search?q=LOS%20PAYASOS%20DE%20LA%20TELE%20CHINITA%20DEL%20AMOR,LOS PAYASOS DE LA TELE CHINITA DEL AMOR
1238,La Tele Habia Una Vez,Los Payasos De,ES,Infantil,,https://genius.com/search?q=LOS%20PAYASOS%20DE%20LA%20TELE%20HABIA%20UNA%20VEZ,LOS PAYASOS DE LA TELE HABIA UNA VEZ
1239,La Tele Infantil El Auto Nuevo,Los Payasos De,ES,Infantil,,https://genius.com/search?q=LOS%20PAYASOS%20DE%20LA%20TELE%20INFANTIL%20EL%20AUTO%20NUEVO,LOS PAYASOS DE LA TELE INFANTIL EL AUTO NUEVO
1240,Marisol La Tombola,,ES,Infantil,,https://genius.com/search?q=MARISOL%20LA%20TOMBOLA,MARISOL LA TOMBOLA
1241,Mary Poppins Supercalifragilisticoespialidoso,,ES,Infantil,,https://genius.com/search?q=MARY%20POPPINS%20SUPERCALIFRAGILISTICOESPIALIDOSO,MARY POPPINS SUPERCALIFRAGILISTICOESPIALIDOSO
1242,Amante De La Luna,Melody,ES,Infantil,,https://genius.com/search?q=MELODY%20AMANTE%20DE%20LA%20LUNA,MELODY AMANTE DE LA LUNA
1243,Dabadabada,Melody,ES,Infantil,,https://genius.com/search?q=MELODY%20DABADABADA,MELODY DABADABADA
1244,De Pata Negra,Melody,ES,Infantil,,https://genius.com/search?q=MELODY%20DE%20PATA%20NEGRA,MELODY DE PATA NEGRA
1245,El Baile Del Gorila,Melody,ES,Infantil,,https://genius.com/search?q=MELODY%20EL%20BAILE%20DEL%20GORILA,MELODY EL BAILE DEL GORILA
1246,Esa Diva,Melody,ES,Infantil,,https://genius.com/search?q=MELODY%20ESA%20DIVA,MELODY ESA DIVA
1247,Muevete,Melody,ES,Infantil,,https://genius.com/search?q=MELODY%20MUEVETE,MELODY MUEVETE
1248,Te Digo Adios,Melody,ES,Infantil,,https://genius.com/search?q=MELODY%20TE%20DIGO%20ADIOS,MELODY TE DIGO ADIOS
1249,Y Ese Niño,Melody,ES,Infantil,,https://genius.com/search?q=MELODY%20Y%20ESE%20NI%C3%91O,MELODY Y ESE NIÑO
1250,Mulan Honra Nos Daras,,ES,Infantil,,https://genius.com/search?q=MULAN%20HONRA%20NOS%20DARAS,MULAN HONRA NOS DARAS
1251,Osito Gominola Yo Soy Tu Gominola,,ES,Infantil,,https://genius.com/search?q=OSITO%20GOMINOLA%20YO%20SOY%20TU%20GOMINOLA,OSITO GOMINOLA YO SOY TU GOMINOLA
1252,Papa Levante Me Pongo Colorada,,ES,Infantil,,https://genius.com/search?q=PAPA%20LEVANTE%20ME%20PONGO%20COLORADA,PAPA LEVANTE ME PONGO COLORADA
1253,Arriba Abajo,Parchis,ES,Infantil,,https://genius.com/search?q=PARCHIS%20ARRIBA%20ABAJO,PARCHIS ARRIBA ABAJO
1254,Cumpleaños Feliz,Parchis,ES,Infantil,,https://genius.com/search?q=PARCHIS%20CUMPLEA%C3%91OS%20FELIZ,PARCHIS CUMPLEAÑOS FELIZ
1255,Cumpleaños Feliz,Parchis,ES,Infantil,,https://genius.com/search?q=PARCHIS%20CUMPLEA%C3%91OS%20FELIZ,PARCHIS CUMPLEAÑOS FELIZ
1256,En La Armada,Parchis,ES,Infantil,,https://genius.com/search?q=PARCHIS%20EN%20LA%20ARMADA,PARCHIS EN LA ARMADA
1257,En La Armada,Parchis,ES,Infantil,,https://genius.com/search?q=PARCHIS%20EN%20LA%20ARMADA,PARCHIS EN LA ARMADA
1258,Ganador,Parchis,ES,Infantil,,https://genius.com/search?q=PARCHIS%20GANADOR,PARCHIS GANADOR
1259,Ganador,Parchis,ES,Infantil,,https://genius.com/search?q=PARCHIS%20GANADOR,PARCHIS GANADOR
1260,Hola Amigos,Parchis,ES,Infantil,,https://genius.com/search?q=PARCHIS%20HOLA%20AMIGOS,PARCHIS HOLA AMIGOS
1261,Hola Amigos,Parchis,ES,Infantil,,https://genius.com/search?q=PARCHIS%20HOLA%20AMIGOS,PARCHIS HOLA AMIGOS
1262,La Cancion De Parchis,Parchis,ES,Infantil,,https://genius.com/search?q=PARCHIS%20LA%20CANCION%20DE%20PARCHIS,PARCHIS LA CANCION DE PARCHIS
1263,La Canción De Parchís,Parchis,ES,Infantil,,https://genius.com/search?q=PARCHIS%20LA%20CANCI%C3%93N%20DE%20PARCH%C3%8DS,PARCHIS LA CANCIÓN DE PARCHÍS
1264,Mortadelo Y Filemon,Parchis,ES,Infantil,,https://genius.com/search?q=PARCHIS%20MORTADELO%20Y%20FILEMON,PARCHIS MORTADELO Y FILEMON
1265,Mortadelo Y Filemón,Parchis,ES,Infantil,,https://genius.com/search?q=PARCHIS%20MORTADELO%20Y%20FILEM%C3%93N,PARCHIS MORTADELO Y FILEMÓN
1266,Twist Del Colegio,Parchis,ES,Infantil,,https://genius.com/search?q=PARCHIS%20TWIST%20DEL%20COLEGIO,PARCHIS TWIST DEL COLEGIO
1267,Twist Del Colegio,Parchis,ES,Infantil,,https://genius.com/search?q=PARCHIS%20TWIST%20DEL%20COLEGIO,PARCHIS TWIST DEL COLEGIO
1268,Viva El Cinco,Parchis,ES,Infantil,,https://genius.com/search?q=PARCHIS%20VIVA%20EL%20CINCO,PARCHIS VIVA EL CINCO
1269,Viva El Cinco,Parchis,ES,Infantil,,https://genius.com/search?q=PARCHIS%20VIVA%20EL%20CINCO,PARCHIS VIVA EL CINCO
1270,Pedrito Fernandez La De La Mochila Azul,,ES,Infantil,,https://genius.com/search?q=PEDRITO%20FERNANDEZ%20LA%20DE%20LA%20MOCHILA%20AZUL,PEDRITO FERNANDEZ LA DE LA MOCHILA AZUL
1271,Pocahontas Si No Te Conociera,,ES,Infantil,,https://genius.com/search?q=POCAHONTAS%20SI%20NO%20TE%20CONOCIERA,POCAHONTAS SI NO TE CONOCIERA
1272,La Cancion Del Colacao,Popular,ES,Infantil,,https://genius.com/search?q=POPULAR%20LA%20CANCION%20DEL%20COLACAO,POPULAR LA CANCION DEL COLACAO
1273,La Cucaracha,Popular,ES,Infantil,,https://genius.com/search?q=POPULAR%20LA%20CUCARACHA,POPULAR LA CUCARACHA
1274,Maria Cristina Me Quiere Gobernar,Popular,ES,Infantil,,https://genius.com/search?q=POPULAR%20MARIA%20CRISTINA%20ME%20QUIERE%20GOBERNAR,POPULAR MARIA CRISTINA ME QUIERE GOBERNAR
1275,Mi Limon Mi Limonero,Popular,ES,Infantil,,https://genius.com/search?q=POPULAR%20MI%20LIMON%20MI%20LIMONERO,POPULAR MI LIMON MI LIMONERO
1276,Rasca Yu,Popular,ES,Infantil,,https://genius.com/search?q=POPULAR%20RASCA%20YU,POPULAR RASCA YU
1277,Chikilicuatre El Baile Del Chikichiki,Roberto,ES,Infantil,,https://genius.com/search?q=ROBERTO%20CHIKILICUATRE%20EL%20BAILE%20DEL%20CHIKICHIKI,ROBERTO CHIKILICUATRE EL BAILE DEL CHIKICHIKI
1278,Rose Bruno Mars Apt,,ES,Infantil,,https://genius.com/search?q=ROSE%20BRUNO%20MARS%20APT,ROSE BRUNO MARS APT
1279,Sbs Follow The Leader,,ES,Infantil,,https://genius.com/search?q=SBS%20FOLLOW%20THE%20LEADER,SBS FOLLOW THE LEADER
1280,Eurojunior Desde El Cielo,Sergio,ES,Infantil,,https://genius.com/search?q=SERGIO%20EUROJUNIOR%20DESDE%20EL%20CIELO,SERGIO EUROJUNIOR DESDE EL CIELO
1281,Acrostico,Shakira,ES,Infantil,,https://genius.com/search?q=SHAKIRA%20ACROSTICO,SHAKIRA ACROSTICO
1282,Borrar Tu Mirada,Soy Luna,ES,Infantil,,https://genius.com/search?q=SOY%20LUNA%20BORRAR%20TU%20MIRADA,SOY LUNA BORRAR TU MIRADA
1283,Mi Corazón Hace Wow Wow,Soy Luna,ES,Infantil,,https://genius.com/search?q=SOY%20LUNA%20MI%20CORAZ%C3%93N%20HACE%20WOW%20WOW,SOY LUNA MI CORAZÓN HACE WOW WOW
1284,Vuelo,Soy Luna,ES,Infantil,,https://genius.com/search?q=SOY%20LUNA%20VUELO,SOY LUNA VUELO
1285,Teresa Rabal Cancion De Los Oficios,,ES,Infantil,,https://genius.com/search?q=TERESA%20RABAL%20CANCION%20DE%20LOS%20OFICIOS,TERESA RABAL CANCION DE LOS OFICIOS
1286,Teresa Rabal Veo Veo,,ES,Infantil,,https://genius.com/search?q=TERESA%20RABAL%20VEO%20VEO,TERESA RABAL VEO VEO
1287,Toy Story Hay Un Amigo En Mi,,ES,Infantil,,https://genius.com/search?q=TOY%20STORY%20HAY%20UN%20AMIGO%20EN%20MI,TOY STORY HAY UN AMIGO EN MI
1288,Tradicional Rodolfo El Reno,,ES,Infantil,,https://genius.com/search?q=TRADICIONAL%20RODOLFO%20EL%20RENO,TRADICIONAL RODOLFO EL RENO
1289,Vaiana Brillante,,ES,Infantil,,https://genius.com/search?q=VAIANA%20BRILLANTE,VAIANA BRILLANTE
1290,Are You Ready For The Ride,Violetta,ES,Infantil,,https://genius.com/search?q=VIOLETTA%20ARE%20YOU%20READY%20FOR%20THE%20RIDE,VIOLETTA ARE YOU READY FOR THE RIDE
1291,Codigo Amistad,Violetta,ES,Infantil,,https://genius.com/search?q=VIOLETTA%20CODIGO%20AMISTAD,VIOLETTA CODIGO AMISTAD
1292,Como Quieres,Violetta,ES,Infantil,,https://genius.com/search?q=VIOLETTA%20COMO%20QUIERES,VIOLETTA COMO QUIERES
1293,Dile Que Si,Violetta,ES,Infantil,,https://genius.com/search?q=VIOLETTA%20DILE%20QUE%20SI,VIOLETTA DILE QUE SI
1294,En Mi Mundo,Violetta,ES,Infantil,,https://genius.com/search?q=VIOLETTA%20EN%20MI%20MUNDO,VIOLETTA EN MI MUNDO
1295,Entre Dos Mundos,Violetta,ES,Infantil,,https://genius.com/search?q=VIOLETTA%20ENTRE%20DOS%20MUNDOS,VIOLETTA ENTRE DOS MUNDOS
1296,Entre Tu Y Yo,Violetta,ES,Infantil,,https://genius.com/search?q=VIOLETTA%20ENTRE%20TU%20Y%20YO,VIOLETTA ENTRE TU Y YO
1297,Habla Si Puedes,Violetta,ES,Infantil,,https://genius.com/search?q=VIOLETTA%20HABLA%20SI%20PUEDES,VIOLETTA HABLA SI PUEDES
1298,Junto A Ti,Violetta,ES,Infantil,,https://genius.com/search?q=VIOLETTA%20JUNTO%20A%20TI,VIOLETTA JUNTO A TI
1299,Juntos Somos Mas,Violetta,ES,Infantil,,https://genius.com/search?q=VIOLETTA%20JUNTOS%20SOMOS%20MAS,VIOLETTA JUNTOS SOMOS MAS
1300,Libre Soy (Frozen),Violetta,ES,Infantil,,https://genius.com/search?q=VIOLETTA%20LIBRE%20SOY%20%28FROZEN%29,VIOLETTA LIBRE SOY (FROZEN)
1301,Mi Perdicion,Violetta,ES,Infantil,,https://genius.com/search?q=VIOLETTA%20MI%20PERDICION,VIOLETTA MI PERDICION
1302,Podemos,Violetta,ES,Infantil,,https://genius.com/search?q=VIOLETTA%20PODEMOS,VIOLETTA PODEMOS
1303,Ser Mejor,Violetta,ES,Infantil,,https://genius.com/search?q=VIOLETTA%20SER%20MEJOR,VIOLETTA SER MEJOR
1304,Soy Mi Mejor Momento,Violetta,ES,Infantil,,https://genius.com/search?q=VIOLETTA%20SOY%20MI%20MEJOR%20MOMENTO,VIOLETTA SOY MI MEJOR MOMENTO
1305,Te Creo,Violetta,ES,Infantil,,https://genius.com/search?q=VIOLETTA%20TE%20CREO,VIOLETTA TE CREO
1306,Te Esperare,Violetta,ES,Infantil,,https://genius.com/search?q=VIOLETTA%20TE%20ESPERARE,VIOLETTA TE ESPERARE
1307,Tienes Todo,Violetta,ES,Infantil,,https://genius.com/search?q=VIOLETTA%20TIENES%20TODO,VIOLETTA TIENES TODO
1308,Ven Y Canta,Violetta,ES,Infantil,,https://genius.com/search?q=VIOLETTA%20VEN%20Y%20CANTA,VIOLETTA VEN Y CANTA
1309,Veo Veo,Violetta,ES,Infantil,,https://genius.com/search?q=VIOLETTA%20VEO%20VEO,VIOLETTA VEO VEO
1310,Voy Por Ti,Violetta,ES,Infantil,,https://genius.com/search?q=VIOLETTA%20VOY%20POR%20TI,VIOLETTA VOY POR TI
1311,Yo Soy Asi,Violetta,ES,Infantil,,https://genius.com/search?q=VIOLETTA%20YO%20SOY%20ASI,VIOLETTA YO SOY ASI
1312,El Show De Xuxa,Xuxa,ES,Infantil,,https://genius.com/search?q=XUXA%20EL%20SHOW%20DE%20XUXA,XUXA EL SHOW DE XUXA
1313,Ilarie,Xuxa,ES,Infantil,,https://genius.com/search?q=XUXA%20ILARIE,XUXA ILARIE
1314,Sensacion De Vivir,Xuxa,ES,Infantil,,https://genius.com/search?q=XUXA%20SENSACION%20DE%20VIVIR,XUXA SENSACION DE VIVIR
